3201.2	164.237
3200.6	134.759
3200.01	176.844
3199.41	147.348
3198.82	134.698
3198.23	176.764
3197.63	143.073
3197.04	147.259
3196.44	168.271
3195.85	155.627
3195.25	138.781
3194.66	147.17
3194.07	121.922
3193.47	172.347
3192.88	109.277
3192.28	109.26
3191.69	151.26
3191.09	172.243
3190.5	130.213
3189.9	163.791
3189.31	172.165
3188.71	113.36
3188.11	176.311
3187.52	125.917
3186.92	172.061
3186.33	155.251
3185.73	142.641
3185.14	159.399
3184.54	150.986
3183.94	184.511
3183.35	150.941
3182.75	142.534
3182.15	167.661
3181.56	138.299
3180.96	150.849
3180.36	155.016
3179.77	196.883
3179.17	201.041
3178.57	196.823
3177.98	142.361
3177.38	200.95
3176.78	171.619
3176.18	142.296
3175.59	138.09
3174.99	163.173
3174.39	138.049
3173.79	163.124
3173.2	146.371
3172.6	175.618
3172	171.411
3171.4	209.006
3170.8	163
3170.21	188.049
3169.61	158.773
3169.01	167.104
3168.41	171.255
3167.81	204.64
3167.21	167.028
3166.61	175.353
3166.02	192.024
3165.42	175.3
3164.82	162.754
3164.22	171.074
3163.62	175.22
3163.02	191.879
3162.42	196.02
3161.82	170.97
3161.22	179.283
3160.62	170.919
3160.02	229.246
3159.42	200.039
3158.82	195.842
3158.22	212.477
3157.62	166.624
3157.02	204.083
3156.42	179.066
3155.82	191.53
3155.22	191.501
3154.62	208.122
3154.02	208.09
3153.42	195.575
3152.82	174.743
3152.22	224.635
3151.62	195.486
3151.01	237.043
3150.41	195.427
3149.81	216.184
3149.21	199.524
3148.61	187.026
3148.01	207.775
3147.41	203.588
3146.8	211.866
3146.2	228.448
3145.6	203.496
3145	215.922
3144.4	228.344
3143.79	244.914
3143.19	207.523
3142.59	215.791
3141.99	224.057
3141.38	228.171
3140.78	211.545
3140.18	199.071
3139.58	240.507
3138.97	203.156
3138.37	219.707
3137.77	207.24
3137.16	244.506
3136.56	178.172
3135.96	182.288
3135.35	260.963
3134.75	211.224
3134.14	231.897
3133.54	223.581
3132.94	190.429
3132.33	182.122
3131.73	211.064
3131.12	219.307
3130.52	206.862
3129.92	235.787
3129.31	210.936
3128.71	194.362
3128.1	210.871
3127.5	231.51
3126.89	177.74
3126.29	231.44
3125.68	185.95
3125.08	173.527
3124.47	243.727
3123.87	239.56
3123.26	202.356
3122.66	256.003
3122.05	218.808
3121.45	202.264
3120.84	214.615
3120.23	202.202
3119.63	206.297
3119.02	193.89
3118.42	239.232
3117.81	255.692
3117.2	239.16
3116.6	255.614
3115.99	267.942
3115.38	218.443
3114.78	247.256
3114.17	210.136
3113.56	214.223
3112.96	255.381
3112.35	222.395
3111.74	234.715
3111.14	197.624
3110.53	238.76
3109.92	176.985
3109.31	271.61
3108.71	242.766
3108.1	255.071
3107.49	246.805
3106.88	275.557
3106.27	259.067
3105.67	279.585
3105.06	217.879
3104.45	267.169
3103.84	230.141
3103.23	225.997
3102.62	225.963
3102.02	279.33
3101.41	271.073
3100.8	258.712
3100.19	279.202
3099.58	295.581
3098.97	242.175
3098.36	270.867
3097.75	258.515
3097.14	303.606
3096.53	262.538
3095.93	262.499
3095.32	258.358
3094.71	225.516
3094.1	258.279
3093.49	303.329
3092.88	323.775
3092.27	266.357
3091.66	286.802
3091.05	278.565
3090.44	274.427
3089.82	307.147
3089.21	274.343
3088.6	294.772
3087.99	335.661
3087.38	290.589
3086.77	323.282
3086.16	298.683
3085.55	290.456
3084.94	306.773
3084.33	278.098
3083.72	310.769
3083.1	306.633
3082.49	298.41
3081.88	314.714
3081.27	322.839
3080.66	335.047
3080.04	318.655
3079.43	379.877
3078.82	371.651
3078.21	330.76
3077.6	383.786
3076.98	395.974
3076.37	346.935
3075.76	342.801
3075.15	326.427
3074.53	391.653
3073.92	322.249
3073.31	367.063
3072.69	354.773
3072.08	366.951
3071.47	346.512
3070.85	419.826
3070.24	436.064
3069.63	423.773
3069.01	468.524
3068.4	444.011
3067.79	431.725
3067.17	439.804
3066.56	508.954
3065.94	480.379
3065.33	516.94
3064.72	594.186
3064.1	585.957
3063.49	573.662
3062.87	561.371
3062.26	671.102
3061.64	715.733
3061.03	634.303
3060.41	731.776
3059.8	760.118
3059.18	776.258
3058.57	841.157
3057.95	845.091
3057.34	893.71
3056.72	905.759
3056.11	1003.09
3055.49	901.421
3054.87	998.72
3054.26	1022.92
3053.64	1034.94
3053.03	937.393
3052.41	888.561
3051.79	912.766
3051.18	859.897
3050.56	823.266
3049.94	843.414
3049.33	709.495
3048.71	758.03
3048.09	717.384
3047.48	745.641
3046.86	745.527
3046.24	806.181
3045.63	676.44
3045.01	643.937
3044.39	664.086
3043.77	631.595
3043.16	667.931
3042.54	611.164
3041.92	643.445
3041.3	590.746
3040.69	590.656
3040.07	570.341
3039.45	594.52
3038.83	578.254
3038.21	578.165
3037.59	545.737
3036.98	505.235
3036.36	476.868
3035.74	436.389
3035.12	496.923
3034.5	508.965
3033.88	420.034
3033.26	464.389
3032.64	407.793
3032.02	444.062
3031.4	427.849
3030.79	363.213
3030.17	371.227
3029.55	375.205
3028.93	435.655
3028.31	362.99
3027.69	423.424
3027.07	362.879
3026.45	350.73
3025.83	390.983
3025.21	366.743
3024.59	394.893
3023.96	354.544
3023.34	394.772
3022.72	362.49
3022.1	390.624
3021.48	386.538
3020.86	378.427
3020.24	354.218
3019.62	313.918
3019	350.085
3018.38	366.125
3017.75	386.183
3017.13	378.079
3016.51	382.043
3015.89	365.901
3015.27	393.987
3014.65	365.789
3014.02	405.923
3013.4	369.695
3012.78	357.585
3012.16	377.616
3011.53	353.459
3010.91	381.516
3010.29	389.489
3009.67	369.355
3009.04	369.299
3008.42	393.323
3007.8	381.224
3007.17	353.08
3006.55	413.2
3005.93	348.96
3005.3	380.99
3004.68	421.03
3004.06	384.883
3003.43	368.789
3002.81	420.836
3002.19	376.691
3001.56	384.646
3000.94	372.569
3000.31	408.561
2999.69	432.528
2999.07	400.428
2998.44	372.34
2997.82	360.274
2997.19	384.233
2996.57	364.165
2995.94	424.128
2995.32	388.057
2994.69	367.998
2994.07	363.942
2993.44	379.881
2992.82	415.806
2992.19	423.737
2991.57	351.728
2990.94	383.644
2990.32	371.598
2989.69	351.566
2989.06	459.362
2988.44	439.322
2987.81	387.343
2987.19	407.246
2986.56	351.296
2985.93	427.078
2985.31	379.123
2984.68	470.839
2984.05	390.976
2983.43	339.059
2982.8	370.914
2982.17	374.845
2981.55	386.748
2980.92	386.689
2980.29	382.644
2979.66	386.57
2979.04	386.511
2978.41	422.307
2977.78	430.209
2977.15	442.092
2976.53	394.237
2975.9	433.993
2975.27	441.888
2974.64	453.761
2974.01	433.793
2973.39	437.705
2972.76	429.681
2972.13	409.725
2971.5	477.276
2970.87	417.552
2970.24	433.392
2969.61	429.35
2968.98	433.259
2968.36	433.193
2967.73	492.73
2967.1	456.897
2966.47	436.965
2965.84	460.729
2965.21	436.831
2964.58	424.852
2963.95	440.666
2963.32	436.629
2962.69	452.437
2962.06	432.527
2961.43	460.233
2960.8	424.46
2960.17	503.72
2959.54	444.157
2958.91	448.054
2958.28	471.772
2957.65	451.88
2957.02	499.369
2956.39	467.591
2955.75	419.975
2955.12	427.833
2954.49	455.493
2953.86	451.463
2953.23	455.353
2952.6	467.16
2951.97	550.213
2951.33	435.354
2950.7	474.858
2950.07	455.002
2949.44	530.095
2948.81	518.147
2948.18	537.841
2947.54	486.355
2946.91	533.722
2946.28	494.111
2945.65	517.748
2945.01	580.895
2944.38	525.491
2943.75	422.698
2943.11	501.63
2942.48	493.654
2941.85	465.938
2941.21	501.398
2940.58	540.795
2939.95	592.02
2939.31	516.951
2938.68	481.361
2938.05	508.901
2937.41	473.324
2936.78	508.745
2936.15	524.439
2935.51	512.53
2934.88	449.38
2934.24	496.607
2933.61	453.182
2932.97	500.394
2932.34	472.74
2931.7	496.301
2931.07	527.73
2930.43	539.462
2929.8	500.008
2929.16	488.121
2928.53	515.597
2927.89	519.453
2927.26	507.569
2926.62	542.897
2925.99	503.479
2925.35	562.393
2924.72	495.459
2924.08	491.451
2923.44	577.857
2922.81	530.603
2922.17	522.661
2921.54	589.377
2920.9	510.714
2920.26	569.555
2919.63	510.557
2918.99	553.672
2918.35	541.808
2917.72	569.203
2917.08	529.866
2916.44	518.011
2915.81	565.016
2915.17	490.389
2914.53	549.151
2913.89	470.628
2913.26	572.509
2912.62	509.69
2911.98	572.333
2911.34	536.969
2910.7	513.373
2910.07	575.986
2909.43	517.132
2908.79	560.139
2908.15	536.554
2907.51	614.788
2906.87	555.964
2906.24	555.879
2905.6	544.05
2904.96	540.053
2904.32	516.493
2903.68	594.657
2903.04	582.83
2902.4	649.227
2901.76	578.74
2901.12	570.831
2900.48	574.651
2899.84	625.374
2899.2	535.394
2898.57	578.292
2897.93	589.923
2897.29	593.738
2896.65	597.552
2896	609.174
2895.36	573.941
2894.72	538.718
2894.08	628.407
2893.44	604.895
2892.8	569.684
2892.16	608.609
2891.52	608.515
2890.88	635.722
2890.24	569.331
2889.6	577.041
2888.96	584.748
2888.31	611.942
2887.67	607.95
2887.03	677.993
2886.39	568.803
2885.75	533.657
2885.11	627.047
2884.46	630.844
2883.82	615.172
2883.18	611.184
2882.54	622.767
2881.9	603.212
2881.25	622.574
2880.61	657.492
2879.97	637.94
2879.32	645.62
2878.68	629.965
2878.04	645.42
2877.4	656.982
2876.75	668.541
2876.11	621.803
2875.47	664.448
2874.82	613.84
2874.18	668.127
2873.53	683.559
2872.89	582.488
2872.25	667.816
2871.6	593.954
2870.96	659.847
2870.31	597.651
2869.67	679.043
2869.03	675.058
2868.38	632.284
2867.74	620.551
2867.09	620.455
2866.45	670.763
2865.8	604.756
2865.16	701.563
2864.51	623.945
2863.87	654.847
2863.22	759.35
2862.58	813.463
2861.93	639.05
2861.29	720.272
2860.64	650.468
2859.99	708.435
2859.35	658.007
2858.7	638.555
2858.06	719.714
2857.41	653.832
2856.76	645.994
2856.12	727.114
2855.47	634.193
2854.82	719.156
2854.18	715.178
2853.53	699.606
2852.88	664.716
2852.24	699.389
2851.59	703.144
2850.94	799.606
2850.3	675.89
2849.65	683.508
2849	837.843
2848.35	714.18
2847.71	660.031
2847.06	698.521
2846.41	767.868
2845.76	713.736
2845.11	717.483
2844.47	740.512
2843.82	701.835
2843.17	832.817
2842.52	759.442
2841.87	747.761
2841.22	739.937
2840.57	720.556
2839.93	762.823
2839.28	751.148
2838.63	743.329
2837.98	789.424
2837.33	754.649
2836.68	746.832
2836.03	739.018
2835.38	792.781
2834.73	719.549
2834.08	788.688
2833.43	719.325
2832.78	749.982
2832.13	788.32
2831.48	776.663
2830.83	730.411
2830.18	799.483
2829.53	818.574
2828.88	737.755
2828.23	833.687
2827.58	702.954
2826.93	810.384
2826.27	783.377
2825.62	733.342
2824.97	775.456
2824.32	852.101
2823.67	794.403
2823.02	901.718
2822.37	824.848
2821.71	794.032
2821.06	820.756
2820.41	805.289
2819.76	782.159
2819.11	766.703
2818.45	720.589
2817.8	774.129
2817.15	812.326
2816.5	781.551
2815.84	769.937
2815.19	834.926
2814.54	773.527
2813.89	819.351
2813.23	830.708
2812.58	838.234
2811.93	838.104
2811.27	868.584
2810.62	795.759
2809.97	807.111
2809.31	868.178
2808.66	780.091
2808	810.557
2807.35	745.443
2806.7	821.771
2806.04	817.821
2805.39	836.799
2804.73	832.848
2804.08	832.718
2803.42	901.334
2802.77	778.998
2802.12	824.693
2801.46	904.731
2800.81	858.788
2800.15	839.572
2799.5	862.335
2798.84	900.352
2798.18	865.881
2797.53	812.352
2796.87	850.358
2796.22	873.102
2795.56	899.65
2794.91	861.395
2794.25	945.1
2793.59	887.798
2792.94	880.04
2792.28	841.812
2791.62	856.915
2790.97	913.9
2790.31	837.611
2789.65	860.321
2789	898.248
2788.34	894.302
2787.68	947.432
2787.03	806.523
2786.37	863.453
2785.71	905.154
2785.05	897.407
2784.4	878.257
2783.74	942.744
2783.08	965.401
2782.42	919.648
2781.77	957.501
2781.11	877.572
2780.45	919.218
2779.79	998.828
2779.13	949.308
2778.47	907.397
2777.82	998.361
2777.16	922.296
2776.5	967.69
2775.84	952.362
2775.18	1001.53
2774.52	974.823
2773.86	951.916
2773.2	947.975
2772.54	978.157
2771.88	970.423
2771.22	951.321
2770.57	958.751
2769.91	954.813
2769.25	920.568
2768.59	1022.69
2767.93	927.855
2767.26	1007.23
2766.6	942.709
2765.94	984.201
2765.28	965.123
2764.62	1006.6
2763.96	991.307
2763.3	1063.03
2762.64	972.085
2761.98	998.405
2761.32	918.843
2760.66	971.629
2760	982.817
2759.33	967.545
2758.67	1073.2
2758.01	1091.93
2757.35	1027.53
2756.69	1012.27
2756.03	1053.65
2755.36	1083.69
2754.7	1004.24
2754.04	981.434
2753.38	985.055
2752.71	1022.64
2752.05	1067.75
2751.39	1056.27
2750.73	1044.79
2750.06	1138.9
2749.4	1067.08
2748.74	1040.53
2748.07	1036.59
2747.41	1032.66
2746.75	964.673
2746.08	1122.76
2745.42	1013.34
2744.76	1099.81
2744.09	1016.79
2743.43	1046.76
2742.76	1114.36
2742.1	1099.13
2741.44	1136.59
2740.77	1136.41
2740.11	1109.9
2739.44	1147.34
2738.78	966.623
2738.11	1060.49
2737.45	1075.36
2736.78	1120.31
2736.12	1112.61
2735.45	1059.82
2734.79	1097.23
2734.12	1067
2733.46	1134.45
2732.79	1138.03
2732.12	1134.1
2731.46	1096.37
2730.79	1051.15
2730.13	1126.06
2729.46	1080.85
2728.79	1223.27
2728.13	1118.03
2727.46	1132.85
2726.8	1233.94
2726.13	1121.25
2725.46	1139.82
2724.79	1102.15
2724.13	1154.46
2723.46	1131.79
2722.79	1116.62
2722.13	1153.91
2721.46	1142.49
2720.79	1104.86
2720.12	1198.31
2719.46	1145.7
2718.79	1070.65
2718.12	1216.46
2717.45	1220.01
2716.78	1171.17
2716.12	1144.8
2715.45	1133.4
2714.78	1200.54
2714.11	1136.78
2713.44	1114.17
2712.77	1185.03
2712.1	1207.27
2711.44	1165.97
2710.77	1143.37
2710.1	1210.43
2709.43	1240.13
2708.76	1127.89
2708.09	1198.66
2707.42	1131.27
2706.75	1228.15
2706.08	1190.63
2705.41	1246.42
2704.74	1179.06
2704.07	1204.99
2703.4	1279.4
2702.73	1200.88
2702.06	1252.9
2701.39	1226.61
2700.72	1200.32
2700.05	1259.76
2699.38	1177.58
2698.7	1281.72
2698.03	1225.64
2697.36	1299.94
2696.69	1206.64
2696.02	1210.17
2695.35	1247.21
2694.68	1247.01
2694.01	1239.37
2693.33	1287.56
2692.66	1261.31
2691.99	1227.63
2691.32	1193.96
2690.64	1190.05
2689.97	1293.98
2689.3	1301.21
2688.63	1319.59
2687.95	1222.75
2687.28	1348.91
2686.61	1341.26
2685.94	1196.17
2685.26	1251.7
2684.59	1318.35
2683.92	1388.69
2683.24	1225.12
2682.57	1232.35
2681.9	1243.29
2681.22	1332.16
2680.55	1369.05
2679.87	1146.26
2679.2	1305.56
2678.53	1246.02
2677.85	1394.14
2677.18	1323.48
2676.5	1304.74
2675.83	1326.77
2675.15	1378.44
2674.48	1348.58
2673.8	1329.85
2673.13	1351.86
2672.45	1344.24
2671.78	1318.11
2671.1	1295.7
2670.43	1391.73
2669.75	1336
2669.08	1372.79
2668.4	1465.06
2667.73	1346.46
2667.05	1379.54
2666.37	1368.23
2665.7	1423.47
2665.02	1408.46
2664.34	1367.58
2663.67	1359.97
2662.99	1378.23
2662.32	1322.6
2661.64	1451.68
2660.96	1348.04
2660.28	1429.06
2659.61	1447.3
2658.93	1424.92
2658.25	1491.13
2657.58	1450.3
2656.9	1427.94
2656.22	1394.51
2655.54	1375.85
2654.86	1478.89
2654.19	1504.47
2653.51	1522.67
2652.83	1445.02
2652.15	1407.93
2651.47	1385.6
2650.79	1451.7
2650.12	1480.94
2649.44	1491.76
2648.76	1517.31
2648.08	1498.65
2647.4	1421.1
2646.72	1597.57
2646.04	1571.55
2645.36	1512.43
2644.68	1497.47
2644	1537.7
2643.32	1467.58
2642.64	1478.38
2641.96	1507.56
2641.28	1562.47
2640.6	1558.54
2639.92	1488.47
2639.24	1480.88
2638.56	1554.13
2637.88	1465.72
2637.2	1531.6
2636.52	1527.69
2635.84	1501.75
2635.16	1523.54
2634.48	1479.25
2633.8	1552.42
2633.12	1544.83
2632.43	1562.93
2631.75	1559.02
2631.07	1518.43
2630.39	1448.51
2629.71	1543.61
2629.03	1506.71
2628.34	1480.81
2627.66	1557.54
2626.98	1571.95
2626.3	1575.36
2625.61	1487.2
2624.93	1582.19
2624.25	1556.31
2623.57	1574.37
2622.88	1566.8
2622.2	1669.04
2621.52	1602.9
2620.83	1562.4
2620.15	1547.52
2619.47	1587.51
2618.78	1711.6
2618.1	1597.98
2617.42	1499.01
2616.73	1553.6
2616.05	1619.15
2615.36	1578.69
2614.68	1607.67
2614	1651.26
2613.31	1566.99
2612.63	1632.48
2611.94	1606.66
2611.26	1631.96
2610.57	1576.95
2609.89	1656.99
2609.2	1627.54
2608.52	1638.22
2607.83	1608.78
2607.15	1630.41
2606.46	1641.09
2605.78	1684.59
2605.09	1731.72
2604.4	1658.54
2603.72	1607.25
2603.03	1778.27
2602.35	1690.54
2601.66	1653.85
2600.97	1755.57
2600.29	1671.53
2599.6	1711.32
2598.91	1663.72
2598.23	1707.14
2597.54	1652.28
2596.85	1728.43
2596.17	1731.79
2595.48	1713.33
2594.79	1680.33
2594.1	1814.61
2593.42	1716.15
2592.73	1752.23
2592.04	1755.59
2591.35	1798.92
2590.66	1776.84
2589.98	1834.68
2589.29	1732.68
2588.6	1761.46
2587.91	1757.55
2587.22	1833.52
2586.53	1760.63
2585.84	1858.35
2585.16	1760.07
2584.47	1806.96
2583.78	1835.69
2583.09	1824.52
2582.4	1726.31
2581.71	1784.06
2581.02	1888.91
2580.33	1899.49
2579.64	1837.57
2578.95	1753.93
2578.26	1728.29
2577.57	1793.23
2576.88	1814.67
2576.19	1821.63
2575.5	1835.82
2574.81	1784.85
2574.12	1947.46
2573.43	1722.75
2572.74	1914.27
2572.05	1834.37
2571.36	1837.69
2570.66	1880.81
2569.97	1880.51
2569.28	1858.51
2568.59	1908.83
2567.9	1951.91
2567.21	1901
2566.51	1792.29
2565.82	1878.72
2565.13	1809.78
2564.44	1907.01
2563.75	1895.88
2563.05	1895.58
2562.36	1913.33
2561.67	1898.58
2560.98	1887.46
2560.28	1962.93
2559.59	1908.5
2558.9	1919.02
2558.2	1980.03
2557.51	1932.84
2556.82	1961.37
2556.12	1950.25
2555.43	1967.96
2554.74	1964.04
2554.04	1988.95
2553.35	2053.48
2552.65	2020.74
2551.96	2045.63
2551.27	1948.08
2550.57	1936.97
2549.88	2005.05
2549.18	2022.73
2548.49	2008.01
2547.79	1960.92
2547.1	2097.31
2546.4	2158.13
2545.71	2064.28
2545.01	2042.38
2544.32	2081.6
2543.62	2149.56
2542.93	2098.91
2542.23	1976.39
2541.53	2191.65
2540.84	2090.72
2540.14	2158.63
2539.45	2248.07
2538.75	2136.4
2538.05	2304.79
2537.36	2135.72
2536.66	2085.14
2535.96	2091.98
2535.27	2192.1
2534.57	2152.3
2533.87	2295.42
2533.18	2305.81
2532.48	2312.61
2531.78	2197.53
2531.08	2204.35
2530.39	2186.08
2529.69	2357.72
2528.99	2343.02
2528.29	2192.2
2527.59	2310.04
2526.9	2255.96
2526.2	2294.98
2525.5	2208.7
2524.8	2262.04
2524.1	2404.82
2523.4	2390.12
2522.71	2396.9
2522.01	2342.86
2521.31	2220.89
2520.61	2288.48
2519.91	2366.77
2519.21	2380.69
2518.51	2401.76
2517.81	2379.93
2517.11	2458.16
2516.41	2264.86
2515.71	2378.79
2515.01	2299.85
2514.31	2428.02
2513.61	2234.85
2512.91	2352.29
2512.21	2412.59
2511.51	2355.11
2510.81	2261.97
2510.11	2315.12
2509.41	2325.45
2508.71	2328.64
2508	2342.53
2507.3	2317.21
2506.6	2423.77
2505.9	2238.06
2505.2	2312.53
2504.5	2397.67
2503.79	2429.35
2503.09	2265.13
2502.39	2346.67
2501.69	2282.21
2500.99	2210.65
2500.28	2260.12
2499.58	2241.97
2498.88	2259.4
2498.18	2291.06
2497.47	2287.14
2496.77	2325.89
2496.07	2272.18
2495.36	2332.26
2494.66	2307
2493.96	2342.18
2493.25	2245.86
2492.55	2344.98
2491.85	2468.94
2491.14	2209.26
2490.44	2471.7
2489.73	2325.73
2489.03	2410.56
2488.33	2250.44
2487.62	2246.54
2486.92	2327.79
2486.21	2423.21
2485.51	2334.14
2484.8	2404.71
2484.1	2390.14
2483.39	2375.57
2482.69	2336.2
2481.98	2378.36
2481.28	2324.82
2480.57	2335.08
2479.87	2309.9
2479.16	2302.45
2478.45	2461.46
2477.75	2354.83
2477.04	2425.26
2476.34	2417.8
2475.63	2279.37
2474.92	2243.62
2474.22	2257.41
2473.51	2334.88
2472.8	2380.49
2472.1	2341.21
2471.39	2337.3
2470.68	2435.92
2469.97	2506.22
2469.27	2382.12
2468.56	2413.54
2467.85	2452.02
2467.14	2373.91
2466.44	2486.56
2465.73	2366.09
2465.02	2390.43
2464.31	2404.17
2463.6	2354.37
2462.9	2417.51
2462.19	2455.94
2461.48	2388.52
2460.77	2405.77
2460.06	2334.85
2459.35	2440.26
2458.64	2499.81
2457.93	2428.91
2457.22	2361.55
2456.52	2600.81
2455.81	2459.45
2455.1	2356.89
2454.39	2437.53
2453.68	2472.36
2452.97	2500.13
2452.26	2446.92
2451.55	2464.13
2450.84	2516.53
2450.13	2533.72
2449.42	2596.65
2448.7	2413.3
2447.99	2623.95
2447.28	2454.73
2446.57	2485.98
2445.86	2492.61
2445.15	2471.12
2444.44	2491.81
2443.73	2470.33
2443.02	2491.01
2442.3	2564.39
2441.59	2599.1
2440.88	2560.05
2440.17	2552.62
2439.46	2608.38
2438.74	2590.41
2438.03	2544.37
2437.32	2508.87
2436.61	2669.86
2435.89	2634.35
2435.18	2595.35
2434.47	2594.93
2433.75	2594.51
2433.04	2534.5
2432.33	2485.03
2431.61	2649.34
2430.9	2603.36
2430.19	2687.02
2429.47	2676.08
2428.76	2567.09
2428.05	2528.16
2427.33	2716.81
2426.62	2481.84
2425.9	2768.43
2425.19	2687.5
2424.47	2641.59
2423.76	2690.14
2423.05	2647.73
2422.33	2675.29
2421.62	2734.3
2420.9	2646.46
2420.19	2764.88
2419.47	2719
2418.75	2746.52
2418.04	2683.19
2417.32	2707.21
2416.61	2731.22
2415.89	2720.31
2415.18	2796.68
2414.46	2736.89
2413.74	2684.09
2413.03	2701.11
2412.31	2690.21
2411.59	2721.18
2410.88	2766.08
2410.16	2741.23
2409.44	2810.53
2408.73	2841.45
2408.01	2642.3
2407.29	2739.46
2406.57	2822.66
2405.86	2797.81
2405.14	2762.53
2404.42	2730.74
2403.7	2848.7
2402.99	2834.32
2402.27	2806.01
2401.55	2927.39
2400.83	2711.14
2400.11	2909.05
2399.39	2706.79
2398.68	2775.92
2397.96	2925.03
2397.24	2931.52
2396.52	2983.2
2395.8	2864.52
2395.08	2902.3
2394.36	2818.42
2393.64	2883.99
2392.92	2869.63
2392.2	2896.95
2391.48	2886.07
2390.76	2892.55
2390.04	2853.89
2389.32	2895.09
2388.6	2898.09
2387.88	2800.46
2387.16	2824.3
2386.44	2962.61
2385.72	2948.25
2385	2923.5
2384.28	2926.5
2383.56	2967.63
2382.83	2922.09
2382.11	2921.62
2381.39	2980.06
2380.67	3048.87
2379.95	3065.7
2379.23	2968.23
2378.5	3075.1
2377.78	2915.33
2377.06	2907.94
2376.34	3035.54
2375.62	2993.52
2374.89	3152.21
2374.17	2982.18
2373.45	3002.45
2372.73	2939.71
2372	3143.26
2371.28	3104.72
2370.56	3000.51
2369.83	3048.42
2369.11	3054.84
2368.39	3037.07
2367.66	3095.31
2366.94	3153.53
2366.21	3201.37
2365.49	3097.26
2364.77	3100.22
2364.04	3041.03
2363.32	3133.73
2362.59	2998.65
2361.87	3160.32
2361.14	3139.11
2360.42	3055.83
2359.69	3131.2
2358.97	3085.87
2358.24	3112.95
2357.52	3177.94
2356.79	3074.04
2356.07	3228.6
2355.34	3203.96
2354.62	3255.11
2353.89	3216.7
2353.16	3157.64
2352.44	3098.61
2351.71	3170.39
2350.99	3101.05
2350.26	3262.28
2349.53	3223.91
2348.81	3206.19
2348.08	3353.57
2347.35	3184.52
2346.62	3235.58
2345.9	3210.99
2345.17	3231.1
2344.44	3044.99
2343.72	3230.05
2342.99	3329.17
2342.26	3253.05
2341.53	3293.74
2340.8	3234.83
2340.08	3217.14
2339.35	3230.35
2338.62	3264.16
2337.89	3273.92
2337.16	3266.53
2336.43	3368.92
2335.7	3306.64
2334.98	3278.67
2334.25	3350.14
2333.52	3339.32
2332.79	3352.49
2332.06	3225.13
2331.33	3341.12
2330.6	3443.37
2329.87	3374.3
2329.14	3394.3
2328.41	3458.82
2327.68	3280.21
2326.95	3440.59
2326.22	3494.8
2325.49	3425.78
2324.76	3603.16
2324.03	3421.25
2323.3	3437.8
2322.57	3368.84
2321.83	3481.14
2321.1	3429.29
2320.37	3548.39
2319.64	3527.3
2318.91	3540.4
2318.18	3450.99
2317.45	3494.84
2316.71	3538.68
2315.98	3585.92
2315.25	3428.27
2314.52	3547.21
2313.78	3512.5
2313.05	3604.08
2312.32	3487.47
2311.59	3480.08
2310.85	3585.27
2310.12	3581.28
2309.39	3628.44
2308.65	3542.61
2307.92	3542.04
2307.19	3541.46
2306.45	3448.87
2305.72	3536.91
2304.99	3485.23
2304.25	3576.64
2303.52	3528.38
2302.78	3527.8
2302.05	3493.19
2301.32	3690.06
2300.58	3641.81
2299.85	3525.52
2299.11	3640.63
2298.38	3551.59
2297.64	3517
2296.91	3628.65
2296.17	3563.46
2295.44	3644.48
2294.7	3718.67
2293.96	3592.31
2293.23	3741.25
2292.49	3584.35
2291.76	3648.31
2291.02	3691.88
2290.29	3660.71
2289.55	3663.51
2288.81	3679.89
2288.08	3614.81
2287.34	3804.26
2286.6	3640.78
2285.87	3711.43
2285.13	3544.62
2284.39	3645.79
2283.65	3648.59
2282.92	3627.65
2282.18	3610.11
2281.44	3799.33
2280.7	3686.88
2279.97	3581.25
2279.23	3672.13
2278.49	3861.21
2277.75	3813.17
2277.01	3653.41
2276.27	3720.53
2275.54	3682.69
2274.8	3688.86
2274.06	3728.87
2273.32	3687.66
2272.58	3727.65
2271.84	3764.25
2271.1	3767.02
2270.36	3702.17
2269.62	3775.94
2268.88	3866.58
2268.14	3774.71
2267.4	3828.16
2266.66	3881.59
2265.92	3755.98
2265.18	3897.21
2264.44	3791.9
2263.7	3804.79
2262.96	3881.81
2262.22	3773.18
2261.48	3732.07
2260.74	3815.81
2260	3983.85
2259.26	3737
2258.52	3965.7
2257.77	3924.59
2257.03	4055.43
2256.29	4031.17
2255.55	4054.11
2254.81	3932.15
2254.06	3921.4
2253.32	3863.5
2252.58	3846.03
2251.84	3929.59
2251.1	3996.28
2250.35	3904.74
2249.61	3924.3
2248.87	3873.19
2248.12	4111.44
2247.38	3895.47
2246.64	4036.1
2245.89	3880.75
2245.15	3994.44
2244.41	4087.92
2243.66	4053.64
2242.92	3979.05
2242.17	4038.88
2241.43	3991.19
2240.69	4051
2239.94	3963.02
2239.2	4042.97
2238.45	3891.22
2237.71	4021.51
2236.96	4098.05
2236.22	4201.41
2235.47	3935.66
2234.73	4032.3
2233.98	4065.19
2233.24	4104.77
2232.49	3993.45
2231.75	4140.31
2231	4089.35
2230.25	4236.15
2229.51	4128.23
2228.76	4077.3
2228.02	4167.08
2227.27	4173.1
2226.52	4092.05
2225.78	4024.42
2225.03	4070.63
2224.28	4200.5
2223.54	4076
2222.79	4322.93
2222.04	4104.77
2221.29	4271.35
2220.55	4200.42
2219.8	4059.3
2219.05	4232.48
2218.3	4415.63
2217.55	4211.05
2216.81	4260.48
2216.06	4209.67
2215.31	4198.96
2214.56	4341.89
2213.81	4424.67
2213.06	4267.02
2212.31	4406.53
2211.57	4345.73
2210.82	4361.71
2210.07	4404.37
2209.32	4336.93
2208.57	4259.51
2207.82	4398.88
2207.07	4398.16
2206.32	4544.14
2205.57	4373.39
2204.82	4542.65
2204.07	4408.62
2203.32	4417.89
2202.57	4417.17
2201.82	4526.36
2201.07	4665.49
2200.32	4461.62
2199.56	4557.43
2198.81	4450.18
2198.06	4476.07
2197.31	4588.47
2196.56	4544.47
2195.81	4653.5
2195.06	4473.15
2194.3	4532.27
2193.55	4488.31
2192.8	4637.16
2192.05	4639.72
2191.3	4612.38
2190.54	4614.95
2189.79	4630.8
2189.04	4673.22
2188.29	4662.5
2187.53	4625.21
2186.78	4521.54
2186.03	4623.7
2185.27	4649.49
2184.52	4715.09
2183.77	4734.23
2183.01	4617.35
2182.26	4666.35
2181.5	4874.49
2180.75	4648.24
2180	4710.46
2179.24	4785.92
2178.49	4619.45
2177.73	4635.26
2176.98	4816.7
2176.22	4567.5
2175.47	4712.46
2174.71	4781.22
2173.96	4717.54
2173.2	4657.18
2172.45	4719.3
2171.69	4834.34
2170.94	4687.98
2170.18	4783.14
2169.42	4779.05
2168.67	4748.5
2167.91	4774.18
2167.16	4849.42
2166.4	4941.17
2165.64	4847.84
2164.89	4814
2164.13	4809.91
2163.37	4911.51
2162.62	4696.05
2161.86	4810.84
2161.1	4876.08
2160.34	4739.95
2159.59	4762.28
2158.83	4886.88
2158.07	4747.52
2157.31	4980.94
2156.56	4943.85
2155.8	4834.22
2155.04	4889.47
2154.28	4944.71
2153.52	4976.86
2152.76	4916.72
2152	5067.48
2151.25	4921.7
2150.49	5003.24
2149.73	4854.22
2148.97	5018.06
2148.21	5145.63
2147.45	5065.78
2146.69	4976.09
2145.93	4935.79
2145.17	4958.01
2144.41	5092.06
2143.65	4976.12
2142.89	4975.3
2142.13	5073.12
2141.37	5078.86
2140.61	5038.58
2139.85	5152.77
2139.09	5132.21
2138.33	5088.66
2137.56	4995.86
2136.8	5014.74
2136.04	5306.15
2135.28	4996.68
2134.52	4897.39
2133.76	5132.88
2133	5046.72
2132.23	4944.19
2131.47	4956.49
2130.71	4991.76
2129.95	5099.15
2129.18	5190.11
2128.42	5071.25
2127.66	5106.47
2126.9	4912.28
2126.13	5065.47
2125.37	5202.23
2124.61	5106.39
2123.84	5243.09
2123.08	5337.19
2122.32	5211.9
2121.55	5276.51
2120.79	5233.1
2120.02	5143.89
2119.26	5129.96
2118.5	5266.5
2117.73	5160.97
2116.97	5094.72
2116.2	5149.47
2115.44	5272.84
2114.67	5245.83
2113.91	5261.3
2113.14	5276.77
2112.38	5373.91
2111.61	5330.56
2110.85	5074.96
2110.08	5364.73
2109.31	5360.58
2108.55	5385.81
2107.78	5303.33
2107.02	5419.93
2106.25	5419.04
2105.48	5352.9
2104.72	5404.21
2103.95	5334.84
2103.18	5448.07
2102.42	5417.84
2101.65	5302.87
2100.88	5318.29
2100.12	5418.42
2099.35	5547.83
2098.58	5566.46
2097.81	5451.56
2097.05	5421.36
2096.28	5475.81
2095.51	5452.12
2094.74	5610.69
2093.97	5482.87
2093.2	5371.35
2092.44	5516.84
2091.67	5327.3
2090.9	5537.78
2090.13	5569.38
2089.36	5649.73
2088.59	5486.29
2087.82	5397.65
2087.05	5793.15
2086.28	5464.09
2085.51	5589.86
2084.74	5598.68
2083.97	5740.62
2083.2	5674.75
2082.43	5602.4
2081.66	5533.32
2080.89	5639.49
2080.12	5580.16
2079.35	5650.6
2078.58	5646.43
2077.81	5765.48
2077.04	5563.51
2076.27	5598.25
2075.5	5526.02
2074.72	5742.23
2073.95	5631.12
2073.18	5730.61
2072.41	5775.01
2071.64	5770.82
2070.86	5685.68
2070.09	5574.68
2069.32	5722.65
2068.55	5750.83
2067.77	5639.86
2067	5687.46
2066.23	5796.5
2065.46	5798.78
2064.68	5645.84
2063.91	5787.16
2063.14	5828.23
2062.36	5662.43
2061.59	6020.19
2060.82	5822.11
2060.04	5698.39
2059.27	5852.48
2058.49	5977.46
2057.72	5792.43
2056.94	5936.74
2056.17	5838.93
2055.4	5705.65
2054.62	5949.93
2053.85	5790.87
2053.07	5973.77
2052.3	5966.33
2051.52	5929.88
2050.74	5951.46
2049.97	5866.67
2049.19	5881.81
2048.42	6019.4
2047.64	6095.73
2046.87	6007.75
2046.09	5810.29
2045.31	5854.41
2044.54	6001.55
2043.76	5929.73
2042.98	5899.78
2042.21	6027.53
2041.43	6049.06
2040.65	5919.37
2039.88	5992.37
2039.1	6004.25
2038.32	6028.98
2037.54	6060.13
2036.76	5972.33
2035.99	6173.82
2035.21	6079.61
2034.43	6165.35
2033.65	6199.66
2032.87	6060.53
2032.1	6101.27
2031.32	6305.75
2030.54	6201.98
2029.76	6034.05
2028.98	6190.29
2028.2	6137.93
2027.42	6265.24
2026.64	6123.07
2025.86	6083.57
2025.08	6287.77
2024.3	6382.91
2023.52	6093.37
2022.74	6182.09
2021.96	6181.07
2021.18	6170.43
2020.4	6108.55
2019.62	5982.63
2018.84	6260.23
2018.06	6345.63
2017.28	6094.9
2016.5	6189.9
2015.72	6313.68
2014.94	6187.85
2014.15	6330.78
2013.37	6304.14
2012.59	6293.5
2011.81	6350.01
2011.03	6454.45
2010.24	6431.01
2009.46	6334.07
2008.68	6432.07
2007.9	6300.02
2007.11	6455.49
2006.33	6393.74
2005.55	6437.38
2004.77	6426.73
2003.98	6457.59
2003.2	6430.98
2002.42	6525.65
2001.63	6492.66
2000.85	6443.73
2000.06	6455.42
1999.28	6543.64
1998.5	6475.59
1997.71	6503.21
1996.93	6677.43
1996.14	6424.57
1995.36	6627.42
1994.57	6409.69
1993.79	6644.33
1993	6544.5
1992.22	6708.99
1991.43	6570.98
1990.65	6573.07
1989.86	6613.35
1989.08	6637.71
1988.29	6802.04
1987.51	6756.38
1986.72	6637.58
1985.93	6684.17
1985.15	6689.42
1984.36	6707.38
1983.57	6649.06
1982.79	6851.33
1982	6745.34
1981.21	6741.04
1980.43	6704.99
1979.64	6837.25
1978.85	6893.27
1978.06	6749.26
1977.28	6871.93
1976.49	6734.32
1975.7	6625.32
1974.91	6703.53
1974.12	6908.59
1973.34	6612.5
1972.55	6782.63
1971.76	6854.42
1970.97	6843.77
1970.18	6747.55
1969.39	6847.83
1968.6	6951.24
1967.82	6851.88
1967.03	6891.92
1966.24	6912.94
1965.45	6883.29
1964.66	6790.34
1963.87	6909.48
1963.08	6867.19
1962.29	6919.84
1961.5	6880.72
1960.71	6993.45
1959.92	7109.3
1959.13	6833.02
1958.33	6841.37
1957.54	7007.75
1956.75	7025.55
1955.96	7270.85
1955.17	6915.79
1954.38	7040.99
1953.59	7131.41
1952.8	6934.44
1952	6955.38
1951.21	7058.4
1950.42	7136.12
1949.63	7223.29
1948.83	7089.57
1948.04	7151.48
1947.25	7232.3
1946.46	7032.42
1945.66	7239.34
1944.87	7187.7
1944.08	7299.97
1943.28	7242.03
1942.49	7149.44
1941.7	7041.14
1940.9	7235.25
1940.11	7026.19
1939.32	7286.37
1938.52	7398.49
1937.73	7220.98
1936.93	7200.89
1936.14	7212.28
1935.34	7163.88
1934.55	7379.74
1933.75	6985.36
1932.96	7465.33
1932.16	7187.4
1931.37	7327.66
1930.57	7342.15
1929.78	7479.2
1928.98	7107.19
1928.19	7369.89
1927.39	7371.8
1926.59	7339.16
1925.8	7557.73
1925	7562.75
1924.21	7297.82
1923.41	7657.51
1922.61	7508.75
1921.82	7548.28
1921.02	7346.27
1920.22	7470.49
1919.42	7513.15
1918.63	7599.67
1917.83	7469.88
1917.03	7471.77
1916.23	7539.46
1915.44	7550.73
1914.64	7580.8
1913.84	7579.53
1913.04	7374.71
1912.24	7423.58
1911.44	7447.38
1910.65	7612.02
1909.85	7654.56
1909.05	7606.35
1908.25	7642.62
1907.45	7691.38
1906.65	7668.2
1905.85	7613.77
1905.05	7518.7
1904.25	7755
1903.45	7625.57
1902.65	7571.18
1901.85	7891.7
1901.05	7721.7
1900.25	7582.99
1899.45	7694.14
1898.65	7699.09
1897.85	7766.48
1897.05	7827.6
1896.25	7748.28
1895.44	7703.3
1894.64	7617.79
1893.84	7875.38
1893.04	7746.21
1892.24	7592.13
1891.44	7865.19
1890.63	7879.46
1889.83	7818.93
1889.03	7808.27
1888.23	8056.19
1887.42	8145.17
1886.62	7879.09
1885.82	7952.5
1885.02	8194
1884.21	7996.53
1883.41	7976.52
1882.61	8015.63
1881.8	8194.73
1881	7972.51
1880.19	7983.61
1879.39	8041.36
1878.59	8027.57
1877.78	7957.84
1876.98	8099.47
1876.17	8051.5
1875.37	8214.82
1874.56	8135.78
1873.76	8252.44
1872.95	8229.32
1872.15	8265.2
1871.34	8192.41
1870.54	7964.46
1869.73	8015.88
1868.93	8237.94
1868.12	8003.88
1867.31	8247.58
1866.51	8336.13
1865.7	8043.27
1864.9	8330.24
1864.09	8350.54
1863.28	8144.59
1862.48	8099.84
1861.67	8442.37
1860.86	8335.64
1860.05	8473.61
1859.25	8416.45
1858.44	8285
1857.63	8249.56
1856.82	8381.26
1856.02	8234.41
1855.21	8263.97
1854.4	8581.2
1853.59	8366.35
1852.78	8460.81
1851.97	8453.21
1851.17	8485.79
1850.36	8357.64
1849.55	8377.87
1848.74	8515.5
1847.93	8433.75
1847.12	8299.52
1846.31	8551.36
1845.5	8571.54
1844.69	8514.53
1843.88	8401.97
1843.07	8471.54
1842.26	8383.72
1841.45	8406.99
1840.64	8609.16
1839.83	8610.8
1839.02	8415.09
1838.21	8620.24
1837.4	8563.3
1836.59	8793.01
1835.78	8449.49
1834.96	8814.7
1834.15	8745.45
1833.34	8722.42
1832.53	8828.73
1831.72	8919.62
1830.9	8995.08
1830.09	8876.6
1829.28	8970.51
1828.47	8879.77
1827.65	8804.44
1826.84	8787.58
1826.03	8979.85
1825.22	9070.58
1824.4	9053.68
1823.59	9046.01
1822.78	9029.12
1821.96	9082.91
1821.15	9278
1820.33	9350.16
1819.52	9311.73
1818.71	9159.7
1817.89	9409.91
1817.08	9107.5
1816.26	9305.46
1815.45	9202.63
1814.63	9369.82
1813.82	9015.47
1813	9213.31
1812.19	9199.49
1811.37	9268.46
1810.56	9101.36
1809.74	9262.27
1808.93	9147.33
1808.11	9179.49
1807.29	9098.29
1806.48	9124.33
1805.66	9076.85
1804.84	9014.08
1804.03	9193.18
1803.21	9011.05
1802.39	9407.37
1801.58	9231.37
1800.76	9395.02
1799.94	9112.03
1799.13	9067.67
1798.31	9115.07
1797.49	9040.16
1796.67	9396.26
1795.85	9101.29
1795.04	9145.59
1794.22	9061.55
1793.4	9102.79
1792.58	9235.64
1791.76	9252.4
1790.94	9037.12
1790.12	9307.27
1789.3	9162.26
1788.49	9328.54
1787.67	9104.25
1786.85	9297.94
1786.03	9153.02
1785.21	9160.62
1784.39	9058.46
1783.57	9383.12
1782.75	9195.61
1781.93	9270.24
1781.11	9372.27
1780.29	9370.69
1779.46	9378.24
1778.64	9337.07
1777.82	9490.78
1777	9464.82
1776.18	9241.02
1775.36	9376.41
1774.54	9186.17
1773.72	9361.07
1772.89	9192.19
1772.07	9561.67
1771.25	9484.04
1770.43	9385.15
1769.6	9201.18
1768.78	9558.25
1767.96	9395.58
1767.14	9387.92
1766.31	9626.3
1765.49	9500.15
1764.67	9331.53
1763.84	9466.58
1763.02	9480.15
1762.2	9426.95
1761.37	9498.19
1760.55	9463.21
1759.72	9488.91
1758.9	9617.72
1758.08	9537.25
1757.25	9593.25
1756.43	9749.26
1755.6	9662.74
1754.78	9482.31
1753.95	9559.48
1753.13	9566.95
1752.3	9686.49
1751.48	9575.83
1750.65	9734.69
1749.82	9693.68
1749	9519.51
1748.17	9729.74
1747.35	9634.29
1746.52	9608.46
1745.69	9803.45
1744.87	9581.01
1744.04	9618.7
1743.21	9825.67
1742.39	9636.6
1741.56	9900.92
1740.73	9581.96
1739.9	9809.95
1739.08	9968.39
1738.25	9731.12
1737.42	9786.85
1736.59	9730.85
1735.76	9638.64
1734.94	9917.69
1734.11	9683.65
1733.28	9835.88
1732.45	9722.6
1731.62	9672.69
1730.79	9993.72
1729.96	9895.55
1729.13	9993.35
1728.3	9934.39
1727.47	10029.1
1726.64	9879.8
1725.81	9784.73
1724.98	9861.39
1724.15	10016.3
1723.32	9960.41
1722.49	9907.55
1721.66	9957.03
1720.83	9792.83
1720	10007.8
1719.17	10075.3
1718.34	9866.05
1717.51	10186.2
1716.68	10025.1
1715.85	9990.31
1715.01	10211
1714.18	10212.3
1713.35	9919.11
1712.52	9974.51
1711.69	10044.9
1710.85	10097.3
1710.02	9954.42
1709.19	9976.74
1708.36	10281.2
1707.52	10336.5
1706.69	10124.7
1705.86	10138
1705.02	10088.3
1704.19	10143.5
1703.36	10381.7
1702.52	10218
1701.69	10228.3
1700.85	10193.6
1700.02	10293.7
1699.18	10151.2
1698.35	10179.4
1697.52	10201.6
1696.68	10226.9
1695.85	10410.8
1695.01	10289.2
1694.18	10272.5
1693.34	10315.7
1692.5	10224.1
1691.67	10354
1690.83	10259.6
1690	10263.8
1689.16	10321.8
1688.32	10281.2
1687.49	10291.4
1686.65	10513.8
1685.82	10353.7
1684.98	10351.9
1684.14	10457.7
1683.3	10482.8
1682.47	10463.1
1681.63	10485.2
1680.79	10662.5
1679.95	10359.3
1679.12	10515.6
1678.28	10740.6
1677.44	10485.2
1676.6	10504.3
1675.76	10603.9
1674.93	10676.6
1674.09	10734.4
1673.25	10783.3
1672.41	10829.1
1671.57	10919.6
1670.73	10944.6
1669.89	10933.8
1669.05	10869.4
1668.21	11081.9
1667.37	10862.7
1666.53	11155.5
1665.69	11156.6
1664.85	11365.9
1664.01	10959.4
1663.17	11216.3
1662.33	11229.3
1661.49	11367.1
1660.65	11380
1659.81	11384
1658.97	11501
1658.13	11305.9
1657.28	11220.8
1656.44	11388.2
1655.6	11282.3
1654.76	11387.3
1653.92	11245.8
1653.07	11252.8
1652.23	11446.7
1651.39	11608
1650.55	11267.8
1649.7	11586.2
1648.86	11447.8
1648.02	11454.7
1647.17	11586.2
1646.33	11397.5
1645.49	11617.8
1644.64	11349.1
1643.8	11480.5
1642.96	11691.8
1642.11	11515.1
1641.27	11667.1
1640.42	11431.2
1639.58	11583.2
1638.73	11205.4
1637.89	11505.3
1637.04	11334.7
1636.2	11418.5
1635.35	11372.2
1634.51	11532.9
1633.66	11637.4
1632.82	11466.9
1631.97	11636.4
1631.13	11643.2
1630.28	11756.5
1629.43	11722
1628.59	11613.6
1627.74	11676.6
1626.89	11701.2
1626.05	11477.8
1625.2	11694.2
1624.35	11757.2
1623.5	11790.6
1622.66	11818.1
1621.81	11724.6
1620.96	11849.4
1620.11	11579.1
1619.27	11580
1618.42	11554.5
1617.57	11732.3
1616.72	11668.4
1615.87	11849
1615.02	11540.7
1614.18	11727.2
1613.33	11784.1
1612.48	11729
1611.63	11780
1610.78	11860.4
1609.93	11914.3
1609.08	11974
1608.23	11960.2
1607.38	12011.1
1606.53	12138.4
1605.68	12315.7
1604.83	12246
1603.98	12158.7
1603.13	12362.3
1602.28	12512.9
1601.42	12631.2
1600.57	12570.3
1599.72	12767.8
1598.87	12815.6
1598.02	13121.6
1597.17	13286.6
1596.31	13554.3
1595.46	13766.2
1594.61	14057.2
1593.76	14116.4
1592.91	14325.1
1592.05	14656.9
1591.2	15155.6
1590.35	15408
1589.49	16058.9
1588.64	16557.2
1587.79	17055.3
1586.93	18062.8
1586.08	19301.4
1585.23	20855.7
1584.37	22503.2
1583.52	24682.9
1582.66	26885.2
1581.81	29607.5
1580.96	32814.6
1580.1	35368.3
1579.25	37839.2
1578.39	39859
1577.54	40504.1
1576.68	41926.4
1575.82	41551
1574.97	40769.6
1574.11	40017.6
1573.26	38906.6
1572.4	37550.7
1571.55	35202.5
1570.69	33444.8
1569.83	31068.9
1568.98	28752.2
1568.12	26707.6
1567.26	24515
1566.4	22754.8
1565.55	21316
1564.69	19831.1
1563.83	18935.6
1562.98	17719.7
1562.12	17072.6
1561.26	16486.9
1560.4	15875.1
1559.54	15179.1
1558.68	15083.3
1557.83	14661.4
1556.97	14830.7
1556.11	14403.1
1555.25	14429.8
1554.39	14380.7
1553.53	14029.1
1552.67	14236.2
1551.81	14035.9
1550.95	13681.7
1550.09	13853.8
1549.23	13575.2
1548.37	13433.4
1547.51	13317.7
1546.65	13213.8
1545.79	12987.8
1544.93	13008.8
1544.07	13297
1543.21	13036.3
1542.35	12851.2
1541.49	12854.7
1540.62	12600.1
1539.76	12679.1
1538.9	12851
1538.04	12758.9
1537.18	12739.3
1536.31	12711
1535.45	12450.8
1534.59	12608.1
1533.73	12466.8
1532.86	12531.3
1532	12555.2
1531.14	12428.5
1530.27	12275.8
1529.41	12580.6
1528.55	12598.7
1527.68	12194.2
1526.82	12652.2
1525.96	12574.8
1525.09	12367.3
1524.23	12749.8
1523.36	12446.9
1522.5	12531.5
1521.63	12326.9
1520.77	12397.1
1519.9	12420.9
1519.04	12467.9
1518.17	12543.8
1517.31	12475.2
1516.44	12452.8
1515.58	12649.9
1514.71	12301.3
1513.84	12567.6
1512.98	12447.1
1512.11	12577.7
1511.24	12627.5
1510.38	12535.9
1509.51	12715.4
1508.64	12439.3
1507.78	12604.3
1506.91	12708.8
1506.04	12530.8
1505.17	12502.7
1504.31	12719.5
1503.44	12360.1
1502.57	12804.4
1501.7	12733.1
1500.83	12681.9
1499.97	12717.2
1499.1	12763.9
1498.23	12448.1
1497.36	12730.7
1496.49	12590.5
1495.62	12614.2
1494.75	12594.7
1493.88	12756.4
1493.01	12696.8
1492.14	12878.5
1491.27	12499.8
1490.4	12681.6
1489.53	12828.7
1488.66	12737.5
1487.79	12720.9
1486.92	12873.8
1486.05	13052.4
1485.18	12619.6
1484.31	13090.9
1483.44	13077.2
1482.56	12865.5
1481.69	12702.7
1480.82	13153.6
1479.95	12807.2
1479.08	13022.9
1478.2	13014.9
1477.33	13287.7
1476.46	13173.7
1475.59	13251.6
1474.71	13332.4
1473.84	12969.3
1472.97	13187.5
1472.09	13190.9
1471.22	12911
1470.35	12905.9
1469.47	13146.9
1468.6	12924.4
1467.72	12959.3
1466.85	12917
1465.98	13280.8
1465.1	12878.3
1464.23	13016.1
1463.35	13093.8
1462.48	12940.1
1461.6	13072.2
1460.73	13132.7
1459.85	13099.1
1458.98	13248.1
1458.1	13086
1457.22	12923.9
1456.35	13050
1455.47	13190.4
1454.6	13025.5
1453.72	13228.6
1452.84	13052.4
1451.97	13081.5
1451.09	13008
1450.21	13111.2
1449.33	13297
1448.46	13365.9
1447.58	13064.5
1446.7	13102.1
1445.82	13114.1
1444.95	13160.2
1444.07	13072.5
1443.19	13138.5
1442.31	13546.1
1441.43	13327.5
1440.55	13029.3
1439.67	13308.6
1438.8	13198.3
1437.92	13440.5
1437.04	13230.6
1436.16	13384.7
1435.28	13314.1
1434.4	13181.1
1433.52	13394.8
1432.64	13418
1431.76	13222.6
1430.88	13294.1
1430	13110.1
1429.12	13544.9
1428.23	13338.2
1427.35	13262.2
1426.47	13288.2
1425.59	13504.3
1424.71	13728.9
1423.83	13176.4
1422.95	13395.2
1422.06	13458.1
1421.18	13461.4
1420.3	13600.8
1419.42	13439.8
1418.53	13267.5
1417.65	13534.2
1416.77	13605.5
1415.89	13467.2
1415	13487.5
1414.12	13454.1
1413.23	13352.7
1412.35	13423.9
1411.47	13611.1
1410.58	13665.3
1409.7	13694
1408.82	13601.2
1407.93	13364.2
1407.05	13582.3
1406.16	13642.1
1405.28	13676.5
1404.39	13628.9
1403.51	13649.1
1402.62	13556.4
1401.74	13582.3
1400.85	13673.1
1399.96	13862.6
1399.08	13750.1
1398.19	13962.1
1397.31	13753.8
1396.42	13852.9
1395.53	13678.5
1394.65	13941.2
1393.76	14006.4
1392.87	13775.7
1391.98	14198.8
1391.1	13999.1
1390.21	13827.6
1389.32	13968.9
1388.43	13890.4
1387.55	13904.9
1386.66	13865.9
1385.77	13638.3
1384.88	13779.4
1383.99	13703.9
1383.1	13873.1
1382.21	13952.2
1381.33	13930.1
1380.44	14003.6
1379.55	13860.6
1378.66	13838.5
1377.77	13962.5
1376.88	13875.8
1375.99	13752.6
1375.1	13817.6
1374.21	13750.6
1373.32	13953.2
1372.43	13844.1
1371.54	14074.6
1370.64	13763.5
1369.75	13923.8
1368.86	14078.5
1367.97	13871.3
1367.08	13742.7
1366.19	13916.9
1365.3	14085.5
1364.4	13984.9
1363.51	13974.1
1362.62	13968.9
1361.73	14025.2
1360.83	14006
1359.94	14096
1359.05	14362.3
1358.15	13755.1
1357.26	13957
1356.37	13895.8
1355.47	14122.8
1354.58	14008.5
1353.69	14165.4
1352.79	13953.2
1351.9	14140.9
1351	14384.4
1350.11	14463
1349.21	14016.2
1348.32	14064
1347.43	14114.6
1346.53	14017.2
1345.63	14243.7
1344.74	14361.3
1343.84	14062.9
1342.95	14071.6
1342.05	14362.1
1341.16	14061.1
1340.26	14159.1
1339.36	14343.4
1338.47	14137.4
1337.57	14101.5
1336.67	14054.4
1335.78	14127.2
1334.88	14049.5
1333.98	14097.2
1333.08	13972.1
1332.19	14117.3
1331.29	14151
1330.39	13942.5
1329.49	14123.8
1328.59	14207.6
1327.7	14038.2
1326.8	14060.8
1325.9	14211.3
1325	14200.5
1324.1	14428.8
1323.2	14167.7
1322.3	14143
1321.4	14046
1320.5	14260.3
1319.6	14268.9
1318.7	14069.2
1317.8	14225
1316.9	14136.5
1316	14239.5
1315.1	14311.9
1314.2	14115.2
1313.3	14037.8
1312.4	13963.2
1311.5	14060.6
1310.6	14016.5
1309.69	13698
1308.79	14211.2
1307.89	13898.3
1306.99	14242.3
1306.09	14051.4
1305.18	14193
1304.28	14406.5
1303.38	14312.6
1302.48	14573.2
1301.57	14686.9
1300.67	14413.1
1299.77	14631.9
1298.86	14684.7
1297.96	14463.6
1297.05	14577.2
1296.15	14630
1295.25	14303.9
1294.34	14580.6
1293.44	14398.4
1292.53	14484.3
1291.63	14421
1290.72	14321.7
1289.82	14288.8
1288.91	14206.3
1288.01	14303.2
1287.1	14154.3
1286.2	14242.9
1285.29	14284.6
1284.38	14298.6
1283.48	14252
1282.57	14420.5
1281.67	14202.9
1280.76	14247.3
1279.85	14178.6
1278.95	14305.6
1278.04	14237
1277.13	14521.1
1276.22	14179.7
1275.32	14317.6
1274.41	14535.4
1273.5	14491.6
1272.59	14593.7
1271.68	14599.4
1270.78	14671.1
1269.87	14753.8
1268.96	14998.8
1268.05	14891.7
1267.14	15331.8
1266.23	15084.4
1265.32	15279.7
1264.41	15068.1
1263.5	15109.4
1262.59	15299.1
1261.68	15315.7
1260.77	15340.4
1259.86	15145.5
1258.95	15389.9
1258.04	15011.1
1257.13	14986.5
1256.22	15274.8
1255.31	14970.3
1254.4	15192.6
1253.48	15091.2
1252.57	15061.1
1251.66	14817.2
1250.75	15001
1249.84	14636.6
1248.93	14828.6
1248.01	14834.2
1247.1	14853.5
1246.19	14557.8
1245.27	14610
1244.36	14670.4
1243.45	14681.5
1242.53	14629.6
1241.62	14640.8
1240.71	14638.2
1239.79	14438.6
1238.88	14649.4
1237.97	14537.5
1237.05	14477.5
1236.14	14510.5
1235.22	14751.2
1234.31	14797.8
1233.39	14593
1232.48	14713.3
1231.56	14746.3
1230.65	14765.5
1229.73	14760.2
1228.81	14681.1
1227.9	14648.5
1226.98	14692.3
1226.07	14586.1
1225.15	14676.2
1224.23	14651.8
1223.32	14398.4
1222.4	14717.6
1221.48	14709.5
1220.57	14717.8
1219.65	14549
1218.73	14554.6
1217.81	14603.8
1216.89	14843.6
1215.98	14639.5
1215.06	15009.9
1214.14	14618
1213.22	14683.5
1212.3	14778.8
1211.38	14634.7
1210.46	14479.8
1209.55	14588.8
1208.63	14637.9
1207.71	14629.9
1206.79	14763.2
1205.87	14736.1
1204.95	14755.3
1204.03	14880.3
1203.11	14820.7
1202.19	14777.3
1201.27	14690.5
1200.34	14706.9
1199.42	14595.8
1198.5	14726.2
1197.58	15138.7
1196.66	14802.4
1195.74	15222.9
1194.82	15225.6
1193.89	15358.5
1192.97	15193.2
1192.05	15472.4
1191.13	15762.3
1190.2	16084.7
1189.28	16260.7
1188.36	17021.7
1187.44	17763.4
1186.51	17876.7
1185.59	18650.6
1184.67	19467.4
1183.74	19880.8
1182.82	20053.1
1181.89	20558.2
1180.97	20438.2
1180.05	20131.7
1179.12	19668.5
1178.2	19097.3
1177.27	18588.5
1176.35	18044.7
1175.42	17736.1
1174.5	16711.8
1173.57	16344.2
1172.64	15936.2
1171.72	15725.5
1170.79	15571.5
1169.87	15477
1168.94	15190.9
1168.01	15074.9
1167.09	15352.8
1166.16	14999.4
1165.23	15048
1164.31	15193.6
1163.38	15064.3
1162.45	15091.2
1161.52	14918.8
1160.59	15263.7
1159.67	15185.6
1158.74	15438.8
1157.81	15177.5
1156.88	15147.9
1155.95	15217.9
1155.02	15201.7
1154.1	15099.5
1153.17	15226
1152.24	15215.2
1151.31	15395.4
1150.38	15443.7
1149.45	15352.3
1148.52	15349.6
1147.59	15252.8
1146.66	15432.8
1145.73	15712.2
1144.8	15558.9
1143.87	15596.5
1142.93	15620.6
1142	15864.8
1141.07	15886.1
1140.14	15950.4
1139.21	16068.3
1138.28	16454.5
1137.35	16408.7
1136.41	16427.2
1135.48	16477.9
1134.55	16735.1
1133.62	16724.1
1132.68	16916.7
1131.75	16951.3
1130.82	16959
1129.88	17132.8
1128.95	17121.7
1128.02	17217.7
1127.08	17238.7
1126.15	17626.5
1125.21	17899
1124.28	17689.8
1123.35	18090.6
1122.41	18001.8
1121.48	18402.5
1120.54	18720.1
1119.61	19021.5
1118.67	19117
1117.74	19038.8
1116.8	19211.8
1115.86	19144.2
1114.93	19319.8
1113.99	19385.8
1113.06	19705.4
1112.12	19912.8
1111.18	19962.7
1110.25	20180.6
1109.31	20371.8
1108.37	20939.1
1107.43	20759.3
1106.5	21147.7
1105.56	21423.9
1104.62	22073.2
1103.68	22026.6
1102.75	22795.5
1101.81	22796.8
1100.87	23469.4
1099.93	23894
1098.99	24326.5
1098.05	24655
1097.11	25199
1096.17	25348.9
1095.23	25599.8
1094.29	25563.3
1093.35	25550.8
1092.41	26075.5
1091.47	26363.4
1090.53	27028.7
1089.59	28206.8
1088.65	30022.4
1087.71	31709.7
1086.77	35166
1085.83	39181.4
1084.89	43713.4
1083.95	48992.5
1083.01	54245.9
1082.06	59518.7
1081.12	63635
1080.18	66900.8
1079.24	68653.2
1078.3	69359.8
1077.35	68859.4
1076.41	67187.2
1075.47	64301.4
1074.52	61541.2
1073.58	57690
1072.64	53032.1
1071.69	48306.9
1070.75	43255
1069.81	38755.7
1068.86	34896.1
1067.92	31138.6
1066.97	28488.7
1066.03	26154.8
1065.08	24213.3
1064.14	23000
1063.19	22109.8
1062.25	21122.1
1061.3	20621.2
1060.36	19755.7
1059.41	19408.6
1058.46	19064.2
1057.52	18712
1056.57	18484.1
1055.63	18274.8
1054.68	18047.1
1053.73	17901.3
1052.78	17692.2
1051.84	17316.9
1050.89	16970.7
1049.94	16965.1
1049	16877.6
1048.05	16755.9
1047.1	16610.5
1046.15	16539
1045.2	16694.2
1044.25	16403.9
1043.31	16306.2
1042.36	16492.9
1041.41	16395.2
1040.46	16265.8
1039.51	16352.4
1038.56	16173.1
1037.61	16188.6
1036.66	16277.9
1035.71	16211.8
1034.76	16282.6
1033.81	16124.5
1032.86	16121.6
1031.91	16047.7
1030.96	15800.3
1030.01	16094.5
1029.05	15989.2
1028.1	16170.2
1027.15	15765.4
1026.2	15883.4
1025.25	15854.3
1024.3	15922.3
1023.34	15935.2
1022.39	15819.5
1021.44	15682.9
1020.48	15937.2
1019.53	16099.6
1018.58	16141.3
1017.63	16177.8
1016.67	16405.6
1015.72	16491.8
1014.76	16722.1
1013.81	16648.4
1012.86	16891.7
1011.9	17048.4
1010.95	16495.4
1009.99	16356.2
1009.04	16031.3
1008.08	16159.3
1007.13	15769
1006.17	15700.8
1005.22	16056.4
1004.26	15650.7
1003.31	15880.6
1002.35	15689.5
1001.39	15454
1000.44	15866.9
999.48	15890.2
998.523	15808.9
997.566	15678.1
996.609	15714.4
995.652	15560.2
994.695	15716.6
993.737	15779.1
992.779	15974.6
991.821	15392.4
990.863	15454.9
989.905	15684.3
988.947	15715.4
987.988	15446.6
987.029	15751.5
986.07	15584.4
985.111	15675.4
984.152	15730
983.192	15735
982.233	15492.5
981.273	15632.9
980.313	15726.5
979.352	15590.9
978.392	15785.9
977.432	15796.1
976.471	15829.7
975.51	15715
974.549	15928.1
973.588	15701.5
972.626	15831.3
971.665	15823.3
970.703	16083
969.741	15622.7
968.779	15775.8
967.817	15970.4
966.854	16032.5
965.892	16073.7
964.929	16024.1
963.966	15894
963.003	15896.3
962.04	15997.3
961.076	15846.5
960.113	16183.5
959.149	15967.9
958.185	15848.3
957.221	16065.9
956.256	15790.8
955.292	16016
954.327	15899.1
953.362	16106.1
952.397	16219.8
951.432	16038.2
950.467	16242.5
949.501	16146.3
948.536	16086.5
947.57	16267.4
946.604	16246.3
945.637	16147.7
944.671	16199.1
943.704	16020.3
942.738	16175.1
941.771	16004.2
940.804	16058.2
939.836	15887.3
938.869	16119.6
937.901	15997.8
936.933	16062.1
935.965	16066.9
934.997	15976.3
934.029	15885.6
933.06	16078.9
932.092	16148.3
931.123	15889.9
930.154	15974.8
929.185	16054.4
928.215	15876.2
927.246	16089.9
926.276	16014.8
925.306	16019.7
924.336	15893.1
923.366	16031.9
922.395	15954.3
921.425	16013.3
920.454	15933.1
919.483	16311.3
918.512	15968.6
917.541	15757.2
916.569	15973.1
915.597	15867.3
914.626	16124.2
913.654	15959.3
912.681	15995
911.709	15969
910.736	16128
909.764	15970.9
908.791	16109.4
907.818	16001.1
906.845	15975.1
905.871	16021
904.898	15910.3
903.924	16064
902.95	15966.1
901.976	16001.8
901.002	15829.5
900.027	15916.4
899.052	15877.7
898.078	15995.3
897.103	15938.6
896.127	16258.7
895.152	15855.9
894.177	16165.7
893.201	16214
892.225	15985.7
891.249	16149.3
890.273	16310.3
889.296	16020.5
888.32	15928
887.343	15838.1
886.366	16155.2
885.389	16254.6
884.412	16489.5
883.434	16307.5
882.457	16181.8
881.479	16506.2
880.501	16265.4
879.523	16400.5
878.544	16290.2
877.566	16374.1
876.587	16228.1
875.608	16243.1
874.629	16199.3
873.65	16063.6
872.67	16262.3
871.691	16358.9
870.711	16340.7
869.731	16166.8
868.751	16186.8
867.771	16367.5
866.79	16410.4
865.81	16476.3
864.829	16705.2
863.848	16353.1
862.867	16520.8
861.885	16334.4
860.904	16471.5
859.922	16511.9
858.94	16580.2
857.958	16129.1
856.976	16441.8
855.993	16395.6
855.011	16751.3
854.028	16376.9
853.045	16361.2
852.062	16416.7
851.078	16711.2
850.095	16471.8
849.111	16684.8
848.127	16618.3
847.143	16379
846.159	16652.9
845.175	16421.3
844.19	16728.1
843.205	16638.8
842.221	16615.4
841.235	16630.2
840.25	16738.8
839.265	16636.8
838.279	16626.2
837.293	16696.7
836.307	16916.8
835.321	16898.5
834.335	16657.2
833.348	16953.2
832.361	17003.4
831.375	16921.7
830.387	17055.4
829.4	17077.7
828.413	17067
827.425	17015.8
826.437	17065.8
825.449	17161.4
824.461	16806.6
823.473	17003.4
822.484	16901.7
821.496	17004.8
820.507	17090.2
819.518	17087.1
818.529	16962.7
817.539	17098.6
816.55	17032.3
815.56	17165.6
814.57	16639.7
813.58	16932.1
812.589	16739.7
811.599	16958.8
810.608	16943.1
809.617	17053.5
808.626	16805.8
807.635	17029.7
806.644	16852.6
805.652	16940.3
804.66	16755.7
803.669	17135.8
802.676	16694.2
801.684	16708.8
800.692	16511.8
799.699	17055.3
798.706	16576.3
797.713	16988.7
796.72	16789.2
795.727	16982.5
794.733	16979.4
793.739	17114.7
792.745	17041.1
791.751	17151.2
790.757	16851.4
789.763	17084.6
788.768	16925.7
787.773	16889.9
786.778	17020
785.783	17082.2
784.787	17131.8
783.792	16993.1
782.796	17030.2
781.8	16826.3
780.804	17372.8
779.808	17108.7
778.811	16882.3
777.815	17019.7
776.818	16933.8
775.821	17362
774.824	17261.1
773.826	16994.8
772.829	17600.6
771.831	17171.5
770.833	17198.4
769.835	17353.1
768.837	17495.2
767.838	17058.8
766.84	17283.5
765.841	17380.5
764.842	17332.2
763.843	17266.5
762.843	17446
761.844	17342.8
760.844	17604.7
759.844	17438.9
758.844	17373.3
757.844	17510.1
756.843	17956.6
755.843	17608.6
754.842	17902.6
753.841	18661.1
752.84	18859.9
751.838	19453.2
750.837	20565.4
749.835	21659.7
748.833	22831
747.831	23862.1
746.829	25444.1
745.826	26422
744.823	27452
743.821	28641.1
742.818	28431.4
741.814	28316.6
740.811	27519.1
739.807	26345.8
738.804	24801.7
737.8	23726.4
736.796	22230.7
735.791	20815.3
734.787	19701.4
733.782	19481.3
732.777	18455.3
731.772	18354.9
730.767	18090.4
729.762	17587.3
728.756	17691
727.75	17396.9
726.744	17612.4
725.738	17758.3
724.732	17588.6
723.725	17816.4
722.719	17500.2
721.712	17479.6
720.705	17575.7
719.697	18088.7
718.69	17993.6
717.682	17690.1
716.674	17927.5
715.666	18234.2
714.658	17816.8
713.65	17982.1
712.641	18400.2
711.633	18186.2
710.624	18524.8
709.615	18375.2
708.605	18428.8
707.596	18066.4
706.586	18867.8
705.576	18371.7
704.566	18276.7
703.556	18278.3
702.546	18156.2
701.535	17940.1
700.524	18149.6
699.513	18111.6
698.502	18086
697.491	17966.5
696.479	17921.2
695.468	17863.6
694.456	17986.3
693.444	17874.3
692.432	17876
691.419	17964.1
690.406	18047.2
689.394	17932.8
688.381	17630.9
687.367	17788
686.354	17794.6
685.341	18075
684.327	18017.4
683.313	17730.6
682.299	17784
681.284	17492.4
680.27	17821.9
679.255	18062.5
678.24	17859.7
677.225	17841.6
676.21	17872.8
675.195	17849.8
674.179	18021.3
673.163	17816.2
672.147	17874.4
671.131	17829.3
670.115	17843.3
669.098	17820.3
668.082	18035.9
667.065	17742.5
666.048	17867
665.03	17723.7
664.013	17754.8
662.995	17862.1
661.977	17750.7
660.959	18020.1
659.941	18009.4
658.923	17969.2
657.904	17995.4
656.885	18190.9
655.866	17888.2
654.847	17845.6
653.828	17830.1
652.808	17927.4
651.789	17997.6
650.769	18097.2
649.749	18106.2
648.728	18100.4
647.708	18131.4
646.687	18049.6
645.666	17990
644.645	18092
643.624	18047
642.603	18009.4
641.581	18140.7
640.559	18565.5
639.537	18305.3
638.515	18331.2
637.493	18406.1
636.47	19045.7
635.448	19919.8
634.425	20795.9
633.402	21911.3
632.378	23473.2
631.355	24008.7
630.331	23916.4
629.307	22818.1
628.283	21756.8
627.259	20566.6
626.235	19554.9
625.21	19121.8
624.185	19032.9
623.16	18566
622.135	18552.8
621.11	18564
620.084	18375.3
619.058	18384.1
618.032	18339.3
617.006	18438.3
615.98	18598.1
614.953	18621.4
613.927	18915.1
612.9	18600
611.873	18557.6
610.845	18281.6
609.818	18672.4
608.79	18588.7
607.763	18595
606.735	18676.6
605.706	18396
604.678	18613.8
603.649	18569.1
602.621	18713.9
601.592	18574.4
600.562	18646.3
599.533	18740
598.504	18644.2
597.474	18626.2
596.444	18583.9
595.414	18466.4
594.383	18635.3
593.353	18469.3
592.322	18807.9
591.291	18794.7
590.26	18706.4
589.229	18637.5
588.198	18668
587.166	18679.1
586.134	18874.3
585.102	18747.2
584.07	18533.1
583.038	18733.1
582.005	18630.3
580.972	18711.6
579.939	18988.9
578.906	18641.8
577.873	18873
576.839	18719.5
575.805	18718.5
574.771	18799.6
573.737	18977.5
572.703	19210.8
571.669	18948.7
570.634	19249.6
569.599	19456.2
568.564	19090.4
567.529	19294.5
566.493	19764.1
565.457	19417.7
564.422	19209
563.386	19717
562.349	19821.9
561.313	19270.7
560.276	19563.7
559.24	19825.3
558.203	19404.6
557.165	19627.6
556.128	19737.2
555.09	19767.3
554.053	19686.5
553.015	19596.2
551.977	19893.6
550.938	19779.1
549.9	19811.6
548.861	19786.2
547.822	19643
546.783	19507
545.744	19378.3
544.704	19774
543.664	19719.8
542.625	19740.2
541.584	19647.6
540.544	19494.9
539.504	19645.1
538.463	19427.7
537.422	19678.6
536.381	19403.6
535.34	19587.3
534.298	19526.1
533.257	19443.2
532.215	19487.6
531.173	19752.7
530.131	19554.7
529.088	19620.7
528.046	19588.3
527.003	19615.8
525.96	19655.3
524.917	19702
523.874	19477.9
522.83	19340.1
521.786	19633.5
520.742	19946
519.698	19884.8
518.654	19706.3
517.609	19875
516.565	19971.8
515.52	19714.5
514.475	19885.5
513.429	19659.3
512.384	19825.5
511.338	19630.5
510.292	19624.5
509.246	19690.1
508.2	19586.1
507.153	19675.7
506.107	19681.5
505.06	19744.8
504.013	19552.5
502.966	19405.6
501.918	19339.9
500.87	19467.6
499.823	19311.3
498.775	19675
497.726	19654.7
496.678	19512.7
495.629	19454.2
494.58	19560.3
493.531	19461.3
492.482	19553
491.433	19427.8
490.383	19469.5
489.334	19251.5
488.284	19407.5
487.233	19506.2
486.183	19316.9
485.132	19527.5
484.082	19509.6
483.031	19360.9
481.98	19554.7
480.928	19584.3
479.877	19304.9
478.825	19367.8
477.773	19651.8
476.721	19496.1
475.668	19437.8
474.616	19431.8
473.563	19361.7
472.51	19550.4
471.457	19617.9
470.404	19581.1
469.35	19541.8
468.297	19765.9
467.243	19764.6
466.189	19495.3
465.134	19515.4
464.08	19734.6
463.025	19726.2
461.97	19734.4
460.915	19534
459.86	19854.9
458.804	19948.3
457.749	19956.4
456.693	19993
455.637	20048.4
454.581	20096.7
453.524	20111.9
452.467	20359
451.411	20669.8
450.354	20427
449.296	20543.8
448.239	20291.8
447.181	20474.7
446.123	20418.9
445.065	20703.3
444.007	20550.6
442.949	20879.8
441.89	20937.3
440.831	20872
439.772	20759.5
438.713	20814.7
437.653	20947.6
436.594	20868.2
435.534	20482.2
434.474	20997.2
433.414	20774
432.353	20612.2
431.293	20884.1
430.232	20835.4
429.171	20888.1
428.11	21143.3
427.048	21099.3
425.987	20843.4
424.925	21030.2
423.863	20760.2
422.801	20972.9
421.738	20757.2
420.676	20967.4
419.613	20928.2
418.55	20884.3
417.487	21183.7
416.423	21064.6
415.36	21175.8
414.296	20950.9
413.232	21367.6
412.168	21069.9
411.103	21427.7
410.039	21240.5
408.974	21548.8
407.909	21793.6
406.844	21634.6
405.778	21400.6
404.713	21422.4
403.647	21758.5
402.581	21334.6
401.515	21529.9
400.448	21300.8
399.382	21369.5
398.315	21014
397.248	21054.6
396.181	21036.6
395.113	20948.3
394.046	20792.2
392.978	20781.2
391.91	20852.3
390.842	20574.5
389.773	20795.3
388.705	20695.5
387.636	20558.3
386.567	20659.6
385.498	20910.6
384.429	20831.9
383.359	20505.4
382.289	20646.5
381.219	20768.8
380.149	20472.9
379.079	20557.8
378.008	20859.8
376.937	20704.2
375.866	20758.6
374.795	20684.7
373.724	20454.5
372.652	20828.6
371.58	20780.4
370.508	20620.2
369.436	20632.7
368.364	20402.7
367.291	20636.6
366.218	20544.1
365.145	20689.4
364.072	20585.3
362.998	20607.1
361.925	20675.4
360.851	20494.6
359.777	20693.2
358.703	20747.5
357.628	20524.9
356.554	20483.8
355.479	20435.8
354.404	20669.1
353.329	20488.6
352.253	20891.5
351.178	20676.1
350.102	20690.8
349.026	20903
347.949	20529.7
346.873	20785.9
345.796	20972.4
344.719	20845.4
343.642	21168.8
342.565	20960.6
341.488	21077.3
340.41	21117.4
339.332	21178.4
338.254	20926.3
337.176	21105.5
336.097	21479.4
335.019	21192.6
333.94	21631.2
332.861	21451
331.781	21474.8
330.702	21445.3
329.622	21455.1
328.542	22046
327.462	21664.6
326.382	21848
325.301	21843.8
324.221	22075.7
323.14	22180.2
322.059	21984.1
320.977	22021.6
319.896	22105.3
318.814	22424.7
317.732	22462
316.65	22474
315.568	22395.8
314.485	22437.8
313.402	22599.8
312.319	22810.2
311.236	22457.4
310.153	22665.5
309.069	22670.4
307.985	22463.2
306.901	22071.5
305.817	22526.2
304.733	21970.9
303.648	22524.6
302.564	22333.7
301.479	22230.4
300.393	21995.8
299.308	22325.6
298.222	22309.9
297.136	22222.8
296.05	22216.3
294.964	22120
293.878	21989.3
292.791	21948.3
291.704	22052.3
290.617	22144.7
289.53	22244
288.443	22104.2
287.355	22228.7
286.267	22240.6
285.179	22390.3
284.091	22248.3
283.002	22432.4
281.913	22370.8
280.824	21953.3
279.735	22591.8
278.646	22527.9
277.557	22477.8
276.467	22521.7
275.377	22437.1
274.287	22396.2
273.196	22646.5
272.106	22921.9
271.015	22608.1
269.924	22780.3
268.833	22750.8
267.742	22877
266.65	22689.5
265.558	22584.4
264.466	22765.6
263.374	22816.2
262.282	22887.4
261.189	22800.7
260.096	22556.2
259.003	23130.6
257.91	23071.4
256.816	22785.8
255.723	22466
254.629	22758.9
253.535	22761.4
252.441	22937.6
251.346	22469.5
250.251	22106.7
249.157	22413.1
248.061	22340.3
246.966	22251.7
245.871	22035.2
244.775	22074.4
243.679	21746.3
242.583	21993
241.486	21845.2
240.39	21877.5
239.293	21754.9
238.196	21440.8
237.099	21423.1
236.002	21546.6
234.904	21392.2
233.806	21196.8
232.708	21356.7
231.61	21343.6
230.511	21218.9
229.413	21310.4
228.314	21531.6
227.215	21447.9
226.116	21437
225.016	21535.3
223.917	21428.9
222.817	21431.7
221.717	21332.1
220.616	21618.9
219.516	21767
218.415	21492.6
217.314	21808.7
216.213	22117.9
215.112	21818.6
214.01	21807.6
212.908	22003.2
211.806	22035.3
210.704	21892.7
209.602	22190.2
208.499	22313
207.396	22127.4
206.293	22141.3
205.19	22338.8
204.086	22540.7
202.983	22135.5
201.879	22389.4
200.775	22512
199.671	22122.8
198.566	22247.6
197.461	22087.3
196.356	22361.4
195.251	22363.9
194.146	22748.7
193.04	22398.4
191.935	22638.3
190.829	22663.4
189.723	22638.7
188.616	22754.2
187.51	22862.8
186.403	22555.8
185.296	22982.8
184.188	23197.4
183.081	23030.5
181.973	23317.3
180.865	23425.7
179.757	23838.6
178.649	23491.2
177.541	23703.2
176.432	23976
175.323	24244.3
174.214	24350.1
173.104	24519
171.995	24543.6
170.885	24739.4
169.775	24691.9
168.665	25052
167.555	24720.8
166.444	24756.6
165.333	24603.3
164.222	24402.9
163.111	24366.7
161.999	24227.1
160.888	24272
159.776	23867.1
158.664	24046.9
157.551	24446.9
156.439	24437.7
155.326	24075.8
154.213	24147.6
153.1	24518.1
151.987	24430.3
150.873	24612
149.759	24768.9
148.645	24903.3
147.531	24950.2
146.417	25259.5
145.302	25734.6
144.187	25891.2
143.072	25969.2
141.957	25995.6
140.841	26351.5
139.726	26631
138.61	26818.6
137.494	27400.3
136.377	27175.6
135.261	27535.4
134.144	27803.2
133.027	27668.1
131.91	28273.7
130.792	28279.5
129.675	28721.5
128.557	28903.8
127.439	29072.7
126.32	29241.6
125.202	29904.3
124.083	30164.5
122.964	30493.9
121.845	30863.3
120.726	31165.7
119.606	31610.8
118.487	32087
117.367	32578.6
116.246	32880.4
115.126	33427.4
114.005	33842.7
112.884	34195.3
111.763	34443
110.642	34683.9
109.521	34701.8
108.399	34697.4
107.277	34891.3
106.155	34218.4
105.033	34258.7
103.91	33813.4
102.787	33234.7
101.664	32963.4
100.541	32434
