wavenumber,intensity
4001.37,0
4000.9,0
4000.42,0.00105369123315353
3999.94,0.00112126955640593
3999.47,0.00111852143189195
3998.99,0.00107886956590983
3998.51,0.000984332004215442
3998.04,0
3997.56,0
3997.08,0
3996.6,0.00091935015215072
3996.13,0
3995.65,0
3995.17,0
3994.7,0.000952482208202651
3994.22,0.000917343487542206
3993.74,0.000931061670677652
3993.26,0
3992.79,0
3992.31,0
3991.83,0
3991.35,0
3990.88,0
3990.4,0
3989.92,0
3989.44,0
3988.96,0
3988.49,0
3988.01,0
3987.53,0
3987.05,0
3986.57,0
3986.09,0
3985.61,0
3985.14,0
3984.66,0
3984.18,0
3983.7,0
3983.22,0
3982.74,0
3982.26,0
3981.78,0
3981.3,0
3980.83,0
3980.35,0
3979.87,0
3979.39,0
3978.91,0
3978.43,0
3977.95,0
3977.47,0
3976.99,0
3976.51,0
3976.03,0
3975.55,0
3975.07,0
3974.59,0
3974.11,0
3973.63,0
3973.15,0
3972.67,0
3972.19,0
3971.71,0
3971.23,0
3970.74,0
3970.26,0
3969.78,0
3969.3,0
3968.82,0
3968.34,0
3967.86,0
3967.38,0
3966.9,0
3966.42,0
3965.93,0
3965.45,0
3964.97,0
3964.49,0
3964.01,0
3963.53,0
3963.04,0
3962.56,0
3962.08,0
3961.6,0
3961.12,0
3960.63,0
3960.15,0
3959.67,0
3959.19,0
3958.71,0
3958.22,0
3957.74,0
3957.26,0
3956.77,0
3956.29,0
3955.81,0
3955.33,0
3954.84,0
3954.36,0
3953.88,0
3953.39,0
3952.91,0
3952.43,0
3951.94,0
3951.46,0
3950.98,0
3950.49,0
3950.01,0
3949.53,0
3949.04,0
3948.56,0
3948.07,0
3947.59,0
3947.11,0
3946.62,0
3946.14,0
3945.65,0
3945.17,0
3944.69,0
3944.2,0
3943.72,0
3943.23,0
3942.75,0
3942.26,0
3941.78,0
3941.29,0
3940.81,0
3940.32,0
3939.84,0
3939.35,0
3938.87,0
3938.38,0
3937.9,0
3937.41,0
3936.93,0
3936.44,0
3935.95,0
3935.47,0
3934.98,0
3934.5,0
3934.01,0
3933.52,0
3933.04,0
3932.55,0
3932.07,0
3931.58,0
3931.09,0
3930.61,0
3930.12,0
3929.63,0
3929.15,0
3928.66,0
3928.17,0
3927.69,0
3927.2,0
3926.71,0
3926.23,0
3925.74,0
3925.25,0
3924.76,0
3924.28,0
3923.79,0
3923.3,0
3922.81,0
3922.33,0
3921.84,0
3921.35,0
3920.86,0
3920.38,0
3919.89,0
3919.4,0
3918.91,0
3918.42,0
3917.94,0
3917.45,0
3916.96,0
3916.47,0
3915.98,0
3915.49,0
3915,0
3914.52,0
3914.03,0
3913.54,0
3913.05,0
3912.56,0
3912.07,0
3911.58,0
3911.09,0
3910.6,0
3910.11,0
3909.62,0
3909.14,0
3908.65,0
3908.16,0
3907.67,0
3907.18,0
3906.69,0
3906.2,0
3905.71,0
3905.22,0
3904.73,0
3904.24,0
3903.75,0
3903.26,0
3902.77,0
3902.27,0
3901.78,0
3901.29,0
3900.8,0
3900.31,0
3899.82,0
3899.33,0
3898.84,0
3898.35,0
3897.86,0
3897.37,0
3896.87,0
3896.38,0
3895.89,0
3895.4,0
3894.91,0
3894.42,0
3893.93,0
3893.43,0
3892.94,0
3892.45,0
3891.96,0
3891.47,0
3890.97,0
3890.48,0
3889.99,0
3889.5,0
3889.01,0
3888.51,0
3888.02,0
3887.53,0
3887.03,0
3886.54,0
3886.05,0
3885.56,0
3885.06,0
3884.57,0
3884.08,0
3883.58,0
3883.09,0
3882.6,0
3882.1,0
3881.61,0
3881.12,0
3880.62,0
3880.13,0
3879.64,0
3879.14,0
3878.65,0
3878.15,0
3877.66,0
3877.17,0
3876.67,0
3876.18,0
3875.68,0
3875.19,0
3874.7,0
3874.2,0
3873.71,0
3873.21,0
3872.72,0
3872.22,0
3871.73,0
3871.23,0
3870.74,0
3870.24,0
3869.75,0
3869.25,0
3868.76,0
3868.26,0
3867.77,0
3867.27,0
3866.77,0
3866.28,0
3865.78,0
3865.29,0
3864.79,0
3864.3,0
3863.8,0
3863.3,0
3862.81,0
3862.31,0
3861.81,0
3861.32,0
3860.82,0
3860.33,0
3859.83,0
3859.33,0
3858.84,0
3858.34,0
3857.84,0
3857.35,0
3856.85,0
3856.35,0
3855.85,0
3855.36,0
3854.86,0
3854.36,0
3853.86,0
3853.37,0
3852.87,0
3852.37,0
3851.87,0
3851.38,0
3850.88,0
3850.38,0
3849.88,0
3849.38,0
3848.89,0
3848.39,0
3847.89,0
3847.39,0
3846.89,0
3846.39,0
3845.9,0
3845.4,0
3844.9,0
3844.4,0
3843.9,0
3843.4,0
3842.9,0
3842.4,0
3841.91,0
3841.41,0
3840.91,0
3840.41,0
3839.91,0
3839.41,0
3838.91,0
3838.41,0
3837.91,0
3837.41,0
3836.91,0
3836.41,0
3835.91,0
3835.41,0
3834.91,0
3834.41,0
3833.91,0
3833.41,0
3832.91,0
3832.41,0
3831.91,0
3831.41,0
3830.91,0
3830.4,0
3829.9,0
3829.4,0
3828.9,0
3828.4,0
3827.9,0
3827.4,0
3826.9,0
3826.4,0
3825.89,0
3825.39,0
3824.89,0
3824.39,0
3823.89,0
3823.39,0
3822.88,0
3822.38,0
3821.88,0
3821.38,0
3820.88,0
3820.37,0
3819.87,0
3819.37,0
3818.87,0
3818.36,0
3817.86,0
3817.36,0
3816.86,0
3816.35,0
3815.85,0
3815.35,0
3814.84,0
3814.34,0
3813.84,0
3813.33,0
3812.83,0
3812.33,0
3811.82,0
3811.32,0
3810.82,0
3810.31,0
3809.81,0
3809.31,0
3808.8,0
3808.3,0
3807.79,0
3807.29,0
3806.79,0
3806.28,0
3805.78,0
3805.27,0
3804.77,0
3804.26,0
3803.76,0
3803.25,0
3802.75,0
3802.24,0
3801.74,0
3801.23,0
3800.73,0
3800.22,0
3799.72,0
3799.21,0
3798.71,0
3798.2,0
3797.7,0
3797.19,0
3796.69,0
3796.18,0
3795.67,0
3795.17,0
3794.66,0
3794.16,0
3793.65,0
3793.14,0
3792.64,0
3792.13,0
3791.63,0
3791.12,0
3790.61,0
3790.11,0
3789.6,0
3789.09,0
3788.59,0
3788.08,0
3787.57,0
3787.06,0
3786.56,0
3786.05,0
3785.54,0
3785.04,0
3784.53,0
3784.02,0
3783.51,0
3783.01,0
3782.5,0
3781.99,0
3781.48,0
3780.97,0
3780.47,0
3779.96,0
3779.45,0
3778.94,0
3778.43,0
3777.93,0
3777.42,0
3776.91,0
3776.4,0
3775.89,0
3775.38,0
3774.87,0
3774.36,0
3773.86,0
3773.35,0
3772.84,0
3772.33,0
3771.82,0
3771.31,0
3770.8,0
3770.29,0
3769.78,0
3769.27,0
3768.76,0
3768.25,0
3767.74,0
3767.23,0
3766.72,0
3766.21,0
3765.7,0
3765.19,0
3764.68,0
3764.17,0
3763.66,0
3763.15,0
3762.64,0
3762.13,0
3761.62,0
3761.11,0
3760.6,0
3760.09,0
3759.57,0
3759.06,0
3758.55,0
3758.04,0
3757.53,0
3757.02,0
3756.51,0
3756,0
3755.48,0
3754.97,0
3754.46,0
3753.95,0
3753.44,0
3752.92,0
3752.41,0
3751.9,0
3751.39,0
3750.88,0
3750.36,0
3749.85,0
3749.34,0
3748.83,0
3748.31,0
3747.8,0
3747.29,0
3746.78,0
3746.26,0
3745.75,0
3745.24,0
3744.72,0
3744.21,0
3743.7,0
3743.18,0
3742.67,0
3742.16,0
3741.64,0
3741.13,0
3740.61,0
3740.1,0
3739.59,0
3739.07,0
3738.56,0
3738.04,0
3737.53,0
3737.02,0
3736.5,0
3735.99,0
3735.47,0
3734.96,0
3734.44,0
3733.93,0
3733.41,0
3732.9,0
3732.38,0
3731.87,0
3731.35,0
3730.84,0
3730.32,0
3729.81,0
3729.29,0
3728.78,0
3728.26,0
3727.75,0
3727.23,0
3726.71,0
3726.2,0
3725.68,0
3725.17,0
3724.65,0
3724.13,0
3723.62,0
3723.1,0
3722.59,0
3722.07,0
3721.55,0
3721.04,0
3720.52,0
3720,0
3719.49,0
3718.97,0
3718.45,0
3717.93,0
3717.42,0
3716.9,0
3716.38,0
3715.87,0
3715.35,0
3714.83,0
3714.31,0
3713.8,0
3713.28,0
3712.76,0
3712.24,0
3711.72,0
3711.21,0
3710.69,0
3710.17,0
3709.65,0
3709.13,0
3708.61,0
3708.1,0
3707.58,0
3707.06,0
3706.54,0
3706.02,0
3705.5,0
3704.98,0
3704.46,0
3703.95,0
3703.43,0
3702.91,0
3702.39,0
3701.87,0
3701.35,0
3700.83,0
3700.31,0
3699.79,0
3699.27,0
3698.75,0
3698.23,0
3697.71,0
3697.19,0
3696.67,0
3696.15,0
3695.63,0
3695.11,0
3694.59,0
3694.07,0
3693.55,0
3693.03,0
3692.51,0
3691.99,0
3691.46,0
3690.94,0
3690.42,0
3689.9,0
3689.38,0
3688.86,0
3688.34,0
3687.82,0
3687.29,0
3686.77,0
3686.25,0
3685.73,0
3685.21,0
3684.69,0
3684.16,0
3683.64,0
3683.12,0
3682.6,0
3682.08,0
3681.55,0
3681.03,0
3680.51,0
3679.99,0
3679.46,0
3678.94,0
3678.42,0
3677.89,0
3677.37,0
3676.85,0
3676.33,0
3675.8,0
3675.28,0
3674.76,0
3674.23,0
3673.71,0
3673.19,0
3672.66,0
3672.14,0
3671.61,0
3671.09,0
3670.57,0
3670.04,0
3669.52,0
3668.99,0
3668.47,0
3667.95,0
3667.42,0
3666.9,0
3666.37,0
3665.85,0
3665.32,0
3664.8,0
3664.27,0
3663.75,0
3663.22,0
3662.7,0
3662.17,0
3661.65,0
3661.12,0
3660.6,0
3660.07,0
3659.55,0
3659.02,0
3658.49,0
3657.97,0
3657.44,0
3656.92,0
3656.39,0
3655.86,0
3655.34,0
3654.81,0
3654.29,0
3653.76,0
3653.23,0
3652.71,0
3652.18,0
3651.65,0
3651.13,0
3650.6,0
3650.07,0
3649.55,0
3649.02,0
3648.49,0
3647.96,0
3647.44,0
3646.91,0
3646.38,0
3645.85,0
3645.33,0
3644.8,0
3644.27,0
3643.74,0
3643.22,0
3642.69,0
3642.16,0
3641.63,0
3641.1,0
3640.57,0
3640.05,0
3639.52,0
3638.99,0
3638.46,0
3637.93,0
3637.4,0
3636.87,0
3636.35,0
3635.82,0
3635.29,0
3634.76,0
3634.23,0
3633.7,0
3633.17,0
3632.64,0
3632.11,0
3631.58,0
3631.05,0
3630.52,0
3629.99,0
3629.46,0
3628.93,0
3628.4,0
3627.87,0
3627.34,0
3626.81,0
3626.28,0
3625.75,0
3625.22,0
3624.69,0
3624.16,0
3623.63,0
3623.1,0
3622.57,0
3622.03,0
3621.5,0
3620.97,0
3620.44,0
3619.91,0
3619.38,0
3618.85,0
3618.32,0
3617.78,0
3617.25,0
3616.72,0
3616.19,0
3615.66,0
3615.12,0
3614.59,0
3614.06,0
3613.53,0
3613,0
3612.46,0
3611.93,0
3611.4,0
3610.86,0
3610.33,0
3609.8,0
3609.27,0
3608.73,0
3608.2,0
3607.67,0
3607.13,0
3606.6,0
3606.07,0
3605.53,0
3605,0
3604.47,0
3603.93,0
3603.4,0
3602.87,0
3602.33,0
3601.8,0
3601.26,0
3600.73,0
3600.2,0
3599.66,0
3599.13,0
3598.59,0
3598.06,0
3597.52,0
3596.99,0
3596.45,0
3595.92,0
3595.38,0
3594.85,0
3594.31,0
3593.78,0
3593.24,0
3592.71,0
3592.17,0
3591.64,0
3591.1,0
3590.57,0
3590.03,0
3589.49,0
3588.96,0
3588.42,0
3587.89,0
3587.35,0
3586.81,0
3586.28,0
3585.74,0
3585.2,0
3584.67,0
3584.13,0
3583.6,0
3583.06,0
3582.52,0
3581.98,0
3581.45,0
3580.91,0
3580.37,0
3579.84,0
3579.3,0
3578.76,0
3578.22,0
3577.69,0
3577.15,0
3576.61,0
3576.07,0
3575.54,0
3575,0
3574.46,0
3573.92,0
3573.38,0
3572.85,0
3572.31,0
3571.77,0
3571.23,0
3570.69,0
3570.15,0
3569.61,0
3569.08,0
3568.54,0
3568,0
3567.46,0
3566.92,0
3566.38,0
3565.84,0
3565.3,0
3564.76,0
3564.22,0
3563.68,0
3563.14,0
3562.6,0
3562.06,0
3561.52,0
3560.98,0
3560.44,0
3559.9,0
3559.36,0
3558.82,0
3558.28,0
3557.74,0
3557.2,0
3556.66,0
3556.12,0
3555.58,0
3555.04,0
3554.5,0
3553.96,0
3553.42,0
3552.87,0
3552.33,0
3551.79,0
3551.25,0
3550.71,0
3550.17,0
3549.63,0
3549.08,0
3548.54,0
3548,0
3547.46,0
3546.92,0
3546.37,0
3545.83,0
3545.29,0
3544.75,0
3544.21,0
3543.66,0
3543.12,0
3542.58,0
3542.03,0
3541.49,0
3540.95,0
3540.41,0
3539.86,0
3539.32,0
3538.78,0
3538.23,0
3537.69,0
3537.15,0
3536.6,0
3536.06,0
3535.52,0
3534.97,0
3534.43,0
3533.88,0
3533.34,0
3532.8,0
3532.25,0
3531.71,0
3531.16,0
3530.62,0
3530.07,0
3529.53,0
3528.98,0
3528.44,0
3527.89,0
3527.35,0
3526.8,0
3526.26,0
3525.71,0
3525.17,0
3524.62,0
3524.08,0
3523.53,0
3522.99,0
3522.44,0
3521.9,0
3521.35,0
3520.8,0
3520.26,0
3519.71,0
3519.17,0
3518.62,0
3518.07,0
3517.53,0
3516.98,0
3516.43,0
3515.89,0
3515.34,0
3514.79,0
3514.25,0
3513.7,0
3513.15,0
3512.61,0
3512.06,0
3511.51,0
3510.96,0
3510.42,0
3509.87,0
3509.32,0
3508.77,0
3508.23,0
3507.68,0
3507.13,0
3506.58,0
3506.04,0
3505.49,0
3504.94,0
3504.39,0
3503.84,0
3503.29,0
3502.75,0
3502.2,0
3501.65,0
3501.1,0
3500.55,0
3500,0
3499.45,0
3498.9,0
3498.35,0
3497.8,0
3497.26,0
3496.71,0
3496.16,0
3495.61,0
3495.06,0
3494.51,0
3493.96,0
3493.41,0
3492.86,0
3492.31,0
3491.76,0
3491.21,0
3490.66,0
3490.11,0
3489.56,0
3489,0
3488.45,0
3487.9,0
3487.35,0
3486.8,0
3486.25,0
3485.7,0
3485.15,0
3484.6,0
3484.05,0
3483.49,0
3482.94,0
3482.39,0
3481.84,0
3481.29,0
3480.74,0
3480.18,0
3479.63,0
3479.08,0
3478.53,0
3477.98,0
3477.42,0
3476.87,0
3476.32,0
3475.77,0
3475.21,0
3474.66,0
3474.11,0
3473.56,0
3473,0
3472.45,0
3471.9,0
3471.34,0
3470.79,0
3470.24,0
3469.68,0
3469.13,0
3468.58,0
3468.02,0
3467.47,0
3466.91,0
3466.36,0
3465.81,0
3465.25,0
3464.7,0
3464.14,0
3463.59,0
3463.04,0
3462.48,0
3461.93,0
3461.37,0
3460.82,0
3460.26,0
3459.71,0
3459.15,0
3458.6,0
3458.04,0
3457.49,0
3456.93,0
3456.38,0
3455.82,0
3455.27,0
3454.71,0
3454.15,0
3453.6,0
3453.04,0
3452.49,0
3451.93,0
3451.37,0
3450.82,0
3450.26,0
3449.7,0
3449.15,0
3448.59,0
3448.04,0
3447.48,0
3446.92,0
3446.36,0
3445.81,0
3445.25,0
3444.69,0
3444.14,0
3443.58,0
3443.02,0
3442.46,0
3441.91,0
3441.35,0
3440.79,0
3440.23,0
3439.68,0
3439.12,0
3438.56,0
3438,0
3437.44,0
3436.88,0
3436.33,0
3435.77,0
3435.21,0
3434.65,0
3434.09,0
3433.53,0
3432.97,0
3432.42,0
3431.86,0
3431.3,0
3430.74,0
3430.18,0
3429.62,0
3429.06,0
3428.5,0
3427.94,0
3427.38,0
3426.82,0
3426.26,0
3425.7,0
3425.14,0
3424.58,0
3424.02,0
3423.46,0
3422.9,0
3422.34,0
3421.78,0
3421.22,0
3420.66,0
3420.1,0
3419.54,0
3418.98,0
3418.41,0
3417.85,0
3417.29,0
3416.73,0
3416.17,0
3415.61,0
3415.05,0
3414.49,0
3413.92,0
3413.36,0
3412.8,0
3412.24,0
3411.68,0
3411.11,0
3410.55,0
3409.99,0
3409.43,0
3408.86,0
3408.3,0
3407.74,0
3407.18,0
3406.61,0
3406.05,0
3405.49,0
3404.92,0
3404.36,0
3403.8,0
3403.24,0
3402.67,0
3402.11,0
3401.54,0
3400.98,0
3400.42,0
3399.85,0
3399.29,0
3398.73,0
3398.16,0
3397.6,0
3397.03,0
3396.47,0
3395.9,0
3395.34,0
3394.78,0
3394.21,0
3393.65,0
3393.08,0
3392.52,0
3391.95,0
3391.39,0
3390.82,0
3390.26,0
3389.69,0
3389.13,0
3388.56,0
3387.99,0
3387.43,0
3386.86,0
3386.3,0
3385.73,0
3385.17,0
3384.6,0
3384.03,0
3383.47,0
3382.9,0
3382.33,0
3381.77,0
3381.2,0
3380.63,0
3380.07,0
3379.5,0
3378.93,0
3378.37,0
3377.8,0
3377.23,0
3376.67,0
3376.1,0
3375.53,0
3374.96,0
3374.4,0
3373.83,0
3373.26,0
3372.69,0
3372.12,0
3371.56,0
3370.99,0
3370.42,0
3369.85,0
3369.28,0
3368.72,0
3368.15,0
3367.58,0
3367.01,0
3366.44,0
3365.87,0
3365.3,0
3364.73,0
3364.17,0
3363.6,0
3363.03,0
3362.46,0
3361.89,0
3361.32,0
3360.75,0
3360.18,0
3359.61,0
3359.04,0
3358.47,0
3357.9,0
3357.33,0
3356.76,0
3356.19,0
3355.62,0
3355.05,0
3354.48,0
3353.91,0
3353.34,0
3352.77,0
3352.19,0
3351.62,0
3351.05,0
3350.48,0
3349.91,0
3349.34,0
3348.77,0
3348.2,0
3347.62,0
3347.05,0
3346.48,0
3345.91,0
3345.34,0
3344.76,0
3344.19,0
3343.62,0
3343.05,0
3342.48,0
3341.9,0
3341.33,0
3340.76,0
3340.19,0
3339.61,0
3339.04,0
3338.47,0
3337.89,0
3337.32,0
3336.75,0
3336.17,0
3335.6,0
3335.03,0
3334.45,0
3333.88,0
3333.31,0
3332.73,0
3332.16,0
3331.59,0
3331.01,0
3330.44,0
3329.86,0
3329.29,0
3328.71,0
3328.14,0
3327.56,0
3326.99,0
3326.42,0
3325.84,0
3325.27,0
3324.69,0
3324.12,0
3323.54,0
3322.97,0
3322.39,0
3321.81,0
3321.24,0
3320.66,0
3320.09,0
3319.51,0
3318.94,0
3318.36,0
3317.78,0
3317.21,0
3316.63,0
3316.06,0
3315.48,0
3314.9,0
3314.33,0
3313.75,0
3313.17,0
3312.6,0
3312.02,0
3311.44,0
3310.86,0
3310.29,0
3309.71,0
3309.13,0
3308.56,0
3307.98,0
3307.4,0
3306.82,0
3306.25,0
3305.67,0
3305.09,0
3304.51,0
3303.93,0
3303.36,0
3302.78,0
3302.2,0
3301.62,0
3301.04,0
3300.46,0
3299.88,0
3299.31,0
3298.73,0
3298.15,0
3297.57,0
3296.99,0
3296.41,0
3295.83,0
3295.25,0
3294.67,0
3294.09,0
3293.51,0
3292.93,0
3292.35,0
3291.77,0
3291.19,0
3290.61,0
3290.03,0
3289.45,0
3288.87,0
3288.29,0
3287.71,0
3287.13,0
3286.55,0
3285.97,0
3285.39,0
3284.81,0
3284.23,0
3283.64,0
3283.06,0
3282.48,0
3281.9,0
3281.32,0
3280.74,0
3280.16,0
3279.57,0
3278.99,0
3278.41,0
3277.83,0
3277.25,0
3276.66,0
3276.08,0
3275.5,0
3274.92,0
3274.33,0
3273.75,0
3273.17,0
3272.59,0
3272,0
3271.42,0
3270.84,0
3270.25,0
3269.67,0
3269.09,0
3268.5,0
3267.92,0
3267.34,0
3266.75,0
3266.17,0
3265.59,0
3265,0
3264.42,0
3263.83,0
3263.25,0
3262.67,0
3262.08,0
3261.5,0
3260.91,0
3260.33,0
3259.74,0
3259.16,0
3258.57,0
3257.99,0
3257.4,0
3256.82,0
3256.23,0
3255.65,0
3255.06,0
3254.48,0
3253.89,0
3253.3,0
3252.72,0
3252.13,0
3251.55,0
3250.96,0
3250.37,0
3249.79,0
3249.2,0
3248.62,0
3248.03,0
3247.44,0
3246.86,0
3246.27,0
3245.68,0
3245.09,0
3244.51,0
3243.92,0
3243.33,0
3242.75,0
3242.16,0
3241.57,0
3240.98,0
3240.4,0
3239.81,0
3239.22,0
3238.63,0
3238.04,0
3237.46,0
3236.87,0
3236.28,0
3235.69,0
3235.1,0
3234.51,0
3233.93,0
3233.34,0
3232.75,0
3232.16,0
3231.57,0
3230.98,0
3230.39,0
3229.8,0
3229.21,0
3228.62,0
3228.04,0
3227.45,0
3226.86,0
3226.27,0
3225.68,0
3225.09,0
3224.5,0
3223.91,0
3223.32,0
3222.73,0
3222.14,0
3221.54,0
3220.95,0
3220.36,0
3219.77,0
3219.18,0
3218.59,0
3218,0
3217.41,0
3216.82,0
3216.23,0
3215.63,0
3215.04,0
3214.45,0
3213.86,0
3213.27,0
3212.68,0
3212.08,0
3211.49,0
3210.9,0
3210.31,0
3209.72,0
3209.12,0
3208.53,0
3207.94,0
3207.35,0
3206.75,0
3206.16,0
3205.57,0
3204.97,0
3204.38,0
3203.79,0
3203.2,0
3202.6,0
3202.01,0
3201.41,0
3200.82,0
3200.23,0
3199.63,0
3199.04,0
3198.45,0
3197.85,0
3197.26,0
3196.66,0
3196.07,0
3195.47,0
3194.88,0
3194.29,0
3193.69,0
3193.1,0
3192.5,0
3191.91,0
3191.31,0
3190.72,0
3190.12,0
3189.53,0
3188.93,0
3188.33,0
3187.74,0
3187.14,0
3186.55,0
3185.95,0
3185.36,0
3184.76,0
3184.16,0
3183.57,0
3182.97,0
3182.37,0
3181.78,0
3181.18,0
3180.58,0
3179.99,0
3179.39,0
3178.79,0
3178.2,0
3177.6,0
3177,0
3176.41,0
3175.81,0
3175.21,0
3174.61,0
3174.02,0
3173.42,0
3172.82,0
3172.22,0
3171.62,0
3171.03,0
3170.43,0
3169.83,0
3169.23,0
3168.63,0
3168.03,0
3167.43,0
3166.84,0
3166.24,0
3165.64,0
3165.04,0
3164.44,0
3163.84,0
3163.24,0
3162.64,0
3162.04,0
3161.44,0
3160.84,0
3160.24,0
3159.64,0
3159.04,0
3158.44,0
3157.84,0
3157.24,0
3156.64,0
3156.04,0
3155.44,0
3154.84,0
3154.24,0
3153.64,0
3153.04,0
3152.44,0
3151.84,0
3151.24,0
3150.64,0
3150.03,0
3149.43,0
3148.83,0
3148.23,0
3147.63,0
3147.03,0
3146.42,0
3145.82,0
3145.22,0
3144.62,0
3144.02,0
3143.41,0
3142.81,0
3142.21,0
3141.61,0
3141,0
3140.4,0
3139.8,0
3139.19,0
3138.59,0
3137.99,0
3137.39,0
3136.78,0
3136.18,0
3135.58,0
3134.97,0
3134.37,0
3133.76,0
3133.16,0
3132.56,0
3131.95,0
3131.35,0
3130.74,0
3130.14,0
3129.54,0
3128.93,0
3128.33,0
3127.72,0
3127.12,0
3126.51,0
3125.91,0
3125.3,0
3124.7,0
3124.09,0
3123.49,0
3122.88,0
3122.27,0
3121.67,0
3121.06,0
3120.46,0
3119.85,0
3119.25,0
3118.64,0
3118.03,0
3117.43,0
3116.82,0
3116.21,0
3115.61,0
3115,0
3114.39,0
3113.79,0
3113.18,0
3112.57,0
3111.97,0
3111.36,0
3110.75,0
3110.15,0
3109.54,0
3108.93,0
3108.32,0
3107.71,0
3107.11,0
3106.5,0
3105.89,0
3105.28,0
3104.67,0
3104.07,0
3103.46,0
3102.85,0
3102.24,0
3101.63,0
3101.02,0
3100.41,0
3099.81,0
3099.2,0
3098.59,0
3097.98,0
3097.37,0
3096.76,0
3096.15,0
3095.54,0
3094.93,0
3094.32,0
3093.71,0
3093.1,0
3092.49,0
3091.88,0
3091.27,0
3090.66,0
3090.05,0
3089.44,0
3088.83,0
3088.22,0
3087.61,0
3087,0
3086.39,0
3085.77,0
3085.16,0
3084.55,0
3083.94,0
3083.33,0
3082.72,0
3082.11,0
3081.49,0
3080.88,0
3080.27,0
3079.66,0
3079.05,0
3078.43,0
3077.82,0
3077.21,0.000997445785387534
3076.6,0
3075.98,0.0009689158863951
3075.37,0.000931150060612131
3074.76,0
3074.15,0.000939065726726284
3073.53,0.00118720886072526
3072.92,0.00136870029652966
3072.31,0.00141030471465781
3071.69,0.00145519050763889
3071.08,0.001782820361073
3070.47,0.00181656429207304
3069.85,0.00218539973831955
3069.24,0.00219794239793231
3068.63,0.00245620735433102
3068.01,0.00272374790859171
3067.4,0.00293595838860984
3066.79,0.00322733486531814
3066.17,0.00339723897087832
3065.56,0.00365781450128943
3064.94,0.00402214609259527
3064.33,0.00434349169283403
3063.71,0.00473282322255395
3063.1,0.00501119909549538
3062.48,0.00549421727935097
3061.87,0.00597397690470037
3061.26,0.00641615695846178
3060.64,0.00688683663902863
3060.03,0.00750828726727481
3059.41,0.0081286751561896
3058.79,0.00872109034862502
3058.18,0.00941155887063103
3057.56,0.00982398800743915
3056.95,0.0102696483771375
3056.33,0.010637921228073
3055.72,0.0108582276556318
3055.1,0.0108557287154922
3054.49,0.0109371113398468
3053.87,0.0111006050735351
3053.25,0.0112000987507611
3052.64,0.0111290443062622
3052.02,0.0107457801242145
3051.41,0.0107229700970157
3050.79,0.0105621629426612
3050.17,0.0100388561283569
3049.56,0.00934856785838927
3048.94,0.008534878395047
3048.32,0.00779406321830468
3047.71,0.00716091754057826
3047.09,0.00656646036641248
3046.47,0.00623752655702243
3045.85,0.00595675483180285
3045.24,0.00626083076103398
3044.62,0.00626556911707809
3044,0.00611187266405089
3043.38,0.00599882363360366
3042.77,0.00573967898222707
3042.15,0.0054754332767967
3041.53,0.00509829195471124
3040.91,0.00471227767580428
3040.3,0.00463830931097771
3039.68,0.0043536559204482
3039.06,0.00425479335322424
3038.44,0.00385645597926498
3037.82,0.0034425549296912
3037.2,0.00298960074847924
3036.59,0.00254267355402327
3035.97,0.00217777362388468
3035.35,0.00186517643882599
3034.73,0.00173564929272808
3034.11,0.0017123927057731
3033.49,0.00152259459471073
3032.87,0.00141529701271821
3032.25,0.00128809437467622
3031.63,0.001172600592546
3031.01,0.00093895895599612
3030.39,0
3029.77,0
3029.15,0
3028.54,0
3027.92,0
3027.3,0
3026.68,0
3026.05,0
3025.43,0
3024.81,0
3024.19,0
3023.57,0
3022.95,0
3022.33,0
3021.71,0
3021.09,0
3020.47,0
3019.85,0
3019.23,0
3018.61,0
3017.98,0
3017.36,0
3016.74,0
3016.12,0
3015.5,0
3014.88,0
3014.25,0
3013.63,0
3013.01,0
3012.39,0
3011.76,0
3011.14,0
3010.52,0
3009.9,0
3009.27,0
3008.65,0
3008.03,0
3007.4,0
3006.78,0
3006.16,0
3005.54,0
3004.91,0
3004.29,0
3003.66,0
3003.04,0
3002.42,0
3001.79,0
3001.17,0
3000.54,0
2999.92,0
2999.3,0
2998.67,0
2998.05,0
2997.42,0
2996.8,0
2996.17,0
2995.55,0
2994.92,0
2994.3,0
2993.67,0
2993.05,0
2992.42,0
2991.8,0
2991.17,0
2990.55,0
2989.92,0
2989.29,0
2988.67,0
2988.04,0
2987.42,0
2986.79,0
2986.16,0
2985.54,0
2984.91,0
2984.28,0
2983.66,0
2983.03,0
2982.4,0
2981.78,0
2981.15,0
2980.52,0
2979.9,0
2979.27,0
2978.64,0
2978.01,0
2977.39,0
2976.76,0
2976.13,0
2975.5,0
2974.87,0
2974.25,0
2973.62,0
2972.99,0
2972.36,0
2971.73,0
2971.1,0
2970.47,0
2969.85,0
2969.22,0
2968.59,0
2967.96,0
2967.33,0
2966.7,0
2966.07,0
2965.44,0
2964.81,0
2964.18,0
2963.55,0
2962.92,0
2962.29,0
2961.66,0
2961.03,0
2960.4,0
2959.77,0
2959.14,0
2958.51,0
2957.88,0
2957.25,0
2956.62,0
2955.99,0
2955.36,0
2954.73,0
2954.09,0
2953.46,0
2952.83,0
2952.2,0
2951.57,0
2950.94,0
2950.3,0
2949.67,0
2949.04,0
2948.41,0
2947.78,0
2947.14,0
2946.51,0
2945.88,0
2945.25,0
2944.61,0
2943.98,0
2943.35,0
2942.71,0
2942.08,0
2941.45,0
2940.82,0
2940.18,0
2939.55,0
2938.91,0
2938.28,0
2937.65,0
2937.01,0
2936.38,0
2935.75,0
2935.11,0
2934.48,0
2933.84,0
2933.21,0
2932.57,0
2931.94,0
2931.3,0
2930.67,0
2930.03,0
2929.4,0
2928.76,0
2928.13,0
2927.49,0
2926.86,0
2926.22,0
2925.59,0
2924.95,0
2924.32,0
2923.68,0
2923.04,0
2922.41,0
2921.77,0
2921.13,0
2920.5,0
2919.86,0
2919.23,0
2918.59,0
2917.95,0
2917.31,0
2916.68,0
2916.04,0
2915.4,0
2914.77,0
2914.13,0
2913.49,0
2912.85,0
2912.22,0
2911.58,0
2910.94,0
2910.3,0
2909.66,0
2909.03,0
2908.39,0
2907.75,0
2907.11,0
2906.47,0
2905.83,0
2905.19,0
2904.56,0
2903.92,0
2903.28,0
2902.64,0
2902,0
2901.36,0
2900.72,0
2900.08,0
2899.44,0
2898.8,0
2898.16,0
2897.52,0
2896.88,0
2896.24,0
2895.6,0
2894.96,0
2894.32,0
2893.68,0
2893.04,0
2892.4,0
2891.76,0
2891.12,0
2890.48,0
2889.83,0
2889.19,0
2888.55,0
2887.91,0
2887.27,0
2886.63,0
2885.98,0
2885.34,0
2884.7,0
2884.06,0
2883.42,0
2882.77,0
2882.13,0
2881.49,0
2880.85,0
2880.2,0
2879.56,0
2878.92,0
2878.28,0
2877.63,0
2876.99,0
2876.35,0
2875.7,0
2875.06,0
2874.42,0
2873.77,0
2873.13,0
2872.48,0
2871.84,0
2871.2,0
2870.55,0
2869.91,0
2869.26,0
2868.62,0
2867.98,0
2867.33,0
2866.69,0
2866.04,0
2865.4,0
2864.75,0
2864.11,0
2863.46,0
2862.82,0
2862.17,0
2861.52,0
2860.88,0
2860.23,0
2859.59,0
2858.94,0
2858.29,0
2857.65,0
2857,0
2856.36,0
2855.71,0
2855.06,0
2854.42,0
2853.77,0
2853.12,0
2852.48,0
2851.83,0
2851.18,0
2850.53,0
2849.89,0
2849.24,0
2848.59,0
2847.94,0
2847.3,0
2846.65,0
2846,0
2845.35,0
2844.7,0
2844.06,0
2843.41,0
2842.76,0
2842.11,0
2841.46,0
2840.81,0
2840.16,0
2839.52,0
2838.87,0
2838.22,0
2837.57,0
2836.92,0
2836.27,0
2835.62,0
2834.97,0
2834.32,0
2833.67,0
2833.02,0
2832.37,0
2831.72,0
2831.07,0
2830.42,0
2829.77,0
2829.12,0
2828.47,0
2827.82,0
2827.17,0
2826.51,0
2825.86,0
2825.21,0
2824.56,0
2823.91,0
2823.26,0
2822.61,0
2821.96,0
2821.3,0
2820.65,0
2820,0
2819.35,0
2818.7,0
2818.04,0
2817.39,0
2816.74,0
2816.09,0
2815.43,0
2814.78,0
2814.13,0
2813.47,0
2812.82,0
2812.17,0
2811.51,0
2810.86,0
2810.21,0
2809.55,0
2808.9,0
2808.25,0
2807.59,0
2806.94,0
2806.28,0
2805.63,0
2804.98,0
2804.32,0
2803.67,0
2803.01,0
2802.36,0
2801.7,0
2801.05,0
2800.39,0
2799.74,0
2799.08,0
2798.43,0
2797.77,0
2797.12,0
2796.46,0
2795.8,0
2795.15,0
2794.49,0
2793.84,0
2793.18,0
2792.52,0
2791.87,0
2791.21,0
2790.55,0
2789.9,0
2789.24,0
2788.58,0
2787.93,0
2787.27,0
2786.61,0
2785.95,0
2785.3,0
2784.64,0
2783.98,0
2783.32,0
2782.67,0.000942478710770569
2782.01,0.00104329962876944
2781.35,0
2780.69,0
2780.03,0
2779.38,0
2778.72,0
2778.06,0
2777.4,0
2776.74,0
2776.08,0
2775.42,0
2774.76,0
2774.11,0
2773.45,0
2772.79,0
2772.13,0
2771.47,0
2770.81,0
2770.15,0
2769.49,0
2768.83,0
2768.17,0
2767.51,0
2766.85,0
2766.19,0
2765.53,0
2764.87,0
2764.21,0
2763.55,0
2762.88,0
2762.22,0
2761.56,0
2760.9,0
2760.24,0
2759.58,0
2758.92,0
2758.26,0
2757.59,0
2756.93,0
2756.27,0
2755.61,0
2754.95,0
2754.28,0
2753.62,0
2752.96,0
2752.3,0
2751.63,0
2750.97,0
2750.31,0
2749.64,0
2748.98,0
2748.32,0
2747.65,0
2746.99,0
2746.33,0
2745.66,0
2745,0
2744.34,0
2743.67,0
2743.01,0
2742.34,0
2741.68,0
2741.02,0
2740.35,0
2739.69,0
2739.02,0
2738.36,0
2737.69,0
2737.03,0
2736.36,0
2735.7,0
2735.03,0
2734.37,0
2733.7,0
2733.04,0
2732.37,0
2731.7,0
2731.04,0
2730.37,0
2729.71,0
2729.04,0
2728.37,0
2727.71,0
2727.04,0
2726.37,0
2725.71,0
2725.04,0
2724.37,0
2723.71,0
2723.04,0
2722.37,0
2721.71,0
2721.04,0
2720.37,0
2719.7,0
2719.03,0
2718.37,0
2717.7,0
2717.03,0
2716.36,0
2715.69,0
2715.03,0
2714.36,0
2713.69,0
2713.02,0
2712.35,0
2711.68,0
2711.01,0
2710.34,0
2709.67,0
2709.01,0
2708.34,0
2707.67,0
2707,0
2706.33,0
2705.66,0
2704.99,0
2704.32,0
2703.65,0
2702.98,0
2702.31,0
2701.64,0
2700.96,0
2700.29,0
2699.62,0
2698.95,0
2698.28,0
2697.61,0
2696.94,0
2696.27,0
2695.6,0
2694.92,0
2694.25,0.000928704176321954
2693.58,0.000971407867070467
2692.91,0.000922073905399888
2692.24,0
2691.57,0
2690.89,0
2690.22,0
2689.55,0
2688.88,0
2688.2,0
2687.53,0
2686.86,0
2686.18,0
2685.51,0
2684.84,0
2684.17,0
2683.49,0
2682.82,0
2682.14,0
2681.47,0
2680.8,0
2680.12,0
2679.45,0
2678.78,0
2678.1,0
2677.43,0
2676.75,0
2676.08,0
2675.4,0
2674.73,0
2674.05,0
2673.38,0
2672.7,0
2672.03,0
2671.35,0
2670.68,0
2670,0
2669.33,0
2668.65,0
2667.98,0
2667.3,0
2666.62,0
2665.95,0
2665.27,0
2664.59,0
2663.92,0
2663.24,0
2662.56,0.00113655739720544
2661.89,0.00112565367565096
2661.21,0.00131601147892427
2660.53,0.00114059159771819
2659.86,0.000934518643382488
2659.18,0
2658.5,0
2657.83,0
2657.15,0.0010597296755979
2656.47,0.00101392642281537
2655.79,0.000977083277463272
2655.11,0
2654.44,0
2653.76,0
2653.08,0
2652.4,0
2651.72,0.00094374267161335
2651.05,0.00109892335489672
2650.37,0.00140827914792605
2649.69,0.0014441529392969
2649.01,0.00139591267199282
2648.33,0.0014207033172292
2647.65,0.00135661605783111
2646.97,0.00140345625475167
2646.29,0.00143274657140647
2645.61,0.00121840648058696
2644.93,0.00111474591500354
2644.25,0.000972762822490243
2643.57,0.00114835995605002
2642.9,0.00112002350499421
2642.22,0.00102378546344971
2641.54,0.00097570266790898
2640.86,0.000933456066959367
2640.18,0.000931881031220212
2639.49,0.000921960333903483
2638.81,0
2638.13,0.00102640672486117
2637.45,0.00106853931127713
2636.77,0.00118434168420971
2636.09,0.00121018236163177
2635.41,0.0010959227889387
2634.73,0.00103754163951117
2634.05,0
2633.37,0
2632.69,0
2632,0
2631.32,0
2630.64,0
2629.96,0
2629.28,0
2628.6,0
2627.91,0
2627.23,0
2626.55,0
2625.87,0
2625.18,0
2624.5,0
2623.82,0.00114846087119585
2623.14,0.00120532352650619
2622.45,0.0011095774816672
2621.77,0.00106729113625984
2621.09,0.00104536792340921
2620.4,0.000981383476398765
2619.72,0.00104950953233543
2619.04,0.00120077562901195
2618.35,0.00115098312964063
2617.67,0.00131554730687761
2616.98,0.00122407231641834
2616.3,0.00111059694866894
2615.62,0
2614.93,0
2614.25,0
2613.56,0
2612.88,0
2612.19,0
2611.51,0
2610.83,0.000924482595779524
2610.14,0
2609.46,0.000927246244084843
2608.77,0
2608.08,0
2607.4,0
2606.71,0
2606.03,0
2605.34,0.000938182330371958
2604.66,0.000970733025390683
2603.97,0
2603.28,0
2602.6,0
2601.91,0
2601.23,0
2600.54,0.00096639319267869
2599.85,0.00100492651434711
2599.17,0.00107545074578856
2598.48,0.000972195339471088
2597.79,0
2597.11,0
2596.42,0
2595.73,0
2595.04,0
2594.36,0
2593.67,0.00107105354322379
2592.98,0.00130359476791064
2592.29,0.00146595646752822
2591.61,0.00142709778046711
2590.92,0.00134843338157923
2590.23,0.00119077056540635
2589.54,0.00102920901284844
2588.85,0
2588.16,0
2587.48,0
2586.79,0
2586.1,0
2585.41,0
2584.72,0
2584.03,0.000978157670152501
2583.34,0.00102649535355816
2582.65,0.00112731480160064
2581.96,0.00117227799871264
2581.27,0.0013755395844402
2580.58,0.0014553032108512
2579.9,0.00134178886327316
2579.21,0.00123855147850384
2578.52,0.00119150120453515
2577.83,0.00103252975601638
2577.14,0.00101349017807837
2576.44,0
2575.75,0.00105716665961806
2575.06,0.00116904694305423
2574.37,0.00111376756770409
2573.68,0.00108485567952678
2572.99,0.00101776415852832
2572.3,0.0012025424614854
2571.61,0.00111005071015678
2570.92,0.00102221790416826
2570.23,0.000977788445929994
2569.54,0.0011837390378117
2568.84,0.00128818184065392
2568.15,0.001263116077575
2567.46,0.00122259198948675
2566.77,0.00125097830229098
2566.08,0.00132370000003764
2565.39,0.00154400016725712
2564.69,0.00133195700847158
2564,0.00120228022510626
2563.31,0.00109391932735959
2562.62,0.00120569758271862
2561.92,0.00127018239363909
2561.23,0.00130175732389531
2560.54,0.00140965767931345
2559.85,0.00132901291184651
2559.15,0.00132648954192775
2558.46,0.00158183062397568
2557.77,0.00147521767482595
2557.07,0.00137951006639994
2556.38,0.00138336789174987
2555.69,0.00137292192553961
2554.99,0.00146818017174529
2554.3,0.00146795304179835
2553.6,0.0012814361751217
2552.91,0.00111946213706427
2552.22,0.00131853715235388
2551.52,0.00138845168309474
2550.83,0.0015287084227933
2550.13,0.00173702370281576
2549.44,0.00196461331458462
2548.74,0.00223658484772049
2548.05,0.00237340573583876
2547.35,0.00242845025467851
2546.66,0.0025485528977695
2545.96,0.00289064434076262
2545.27,0.00288279233672005
2544.57,0.00254894815681036
2543.88,0.00275291697504768
2543.18,0.00310629402874591
2542.49,0.00328099217653623
2541.79,0.00307104283492783
2541.1,0.00307564261799329
2540.4,0.00356415085944234
2539.7,0.0039213508417622
2539.01,0.00392287556733136
2538.31,0.00360872844053992
2537.61,0.00364719994370966
2536.92,0.00386390982456609
2536.22,0.00405547713133294
2535.52,0.00404370975236865
2534.83,0.00363257499389884
2534.13,0.00395509497152772
2533.43,0.00420883243048348
2532.74,0.00382325684401621
2532.04,0.00392414312052776
2531.34,0.00393673816340276
2530.64,0.0041589878060437
2529.95,0.00411215440808167
2529.25,0.00426414135148069
2528.55,0.00435125086249202
2527.85,0.00435141628551058
2527.15,0.0044372037622051
2526.46,0.00441215985037033
2525.76,0.00438864916421316
2525.06,0.00474902548266832
2524.36,0.00470540280267803
2523.66,0.0046980948617474
2522.96,0.00469426534924315
2522.26,0.00474305439810846
2521.57,0.00496907696655099
2520.87,0.0049563774771116
2520.17,0.004802333048203
2519.47,0.00480132989225476
2518.77,0.00485726848917744
2518.07,0.00489856687674166
2517.37,0.00458814078713568
2516.67,0.00438011062998338
2515.97,0.00428443850844026
2515.27,0.00407565506355144
2514.57,0.00434063440188535
2513.87,0.00431359176019236
2513.17,0.00435596093932333
2512.47,0.00447500920050315
2511.77,0.00459812077105861
2511.07,0.0045388607791278
2510.37,0.00449302851098451
2509.66,0.00435236086051592
2508.96,0.00420494394142558
2508.26,0.00398831623109483
2507.56,0.00379917196901664
2506.86,0.00363500429772776
2506.16,0.00350354424775073
2505.46,0.00340239615586418
2504.76,0.00320635796777746
2504.05,0.00307560570244364
2503.35,0.00313654360997089
2502.65,0.0028951050424452
2501.95,0.00269931465287644
2501.25,0.00270688424415387
2500.54,0.00275677881366587
2499.84,0.00295978692907971
2499.14,0.00279519905316783
2498.44,0.00240976137261998
2497.73,0.00239858496712127
2497.03,0.0025581614152117
2496.33,0.00243963728426568
2495.62,0.00217143179022138
2494.92,0.00192690491318773
2494.22,0.00187650316015279
2493.51,0.00192178034810881
2492.81,0.00182836804614073
2492.11,0.00162866112775422
2491.4,0.00156361668617822
2490.7,0.00161401342971333
2489.99,0.00191290830311883
2489.29,0.00188726981511177
2488.59,0.00187737159354158
2487.88,0.00196306580103651
2487.18,0.00209260434786376
2486.47,0.00207828072305861
2485.77,0.00200020737117762
2485.06,0.00199943405047434
2484.36,0.00190694134239317
2483.65,0.00154264248597383
2482.95,0.00139554618950625
2482.24,0.00112152312990402
2481.54,0
2480.83,0
2480.13,0.0010593712698521
2479.42,0.00105597447320524
2478.71,0.0012584910605126
2478.01,0.00133618135647759
2477.3,0.00159177721270654
2476.6,0.00163005355839958
2475.89,0.0016258610628861
2475.18,0.00144960142817219
2474.48,0.00112693332139177
2473.77,0.00123156900193684
2473.06,0.00135104887603219
2472.36,0.00108532622416925
2471.65,0.00103123658913082
2470.94,0.000937178865587592
2470.24,0.000928135919688897
2469.53,0.000979136329264749
2468.82,0.00121633811461134
2468.11,0.00129480829179726
2467.41,0.00162425522322659
2466.7,0.00212493808941563
2465.99,0.00190361279758749
2465.28,0.00172571273320533
2464.57,0.001656844529581
2463.87,0.00142270576973946
2463.16,0.00123282264862518
2462.45,0.00104290145816951
2461.74,0
2461.03,0
2460.32,0
2459.61,0
2458.9,0
2458.2,0
2457.49,0
2456.78,0.00131677581355503
2456.07,0.00152369509596039
2455.36,0.00158231007568027
2454.65,0.00151318424454672
2453.94,0.00130129408169732
2453.23,0.00131530146812335
2452.52,0.00135241216957493
2451.81,0.00116146710809336
2451.1,0.0010332785174991
2450.39,0.00101734713002048
2449.68,0.00107979813889412
2448.97,0.00109651296259141
2448.26,0.00110657807358359
2447.55,0.00111948305440572
2446.83,0.00097972219140398
2446.12,0.00120932286931528
2445.41,0.00119382137206487
2444.7,0.00125720020099319
2443.99,0.00126063817870003
2443.28,0.00127611373861547
2442.57,0.00131242300471007
2441.85,0.00122966778002814
2441.14,0.0011919534545301
2440.43,0.000983082213906786
2439.72,0
2439.01,0
2438.29,0
2437.58,0
2436.87,0
2436.16,0
2435.44,0.00108674042409015
2434.73,0.00112727884268225
2434.02,0.0011379059917193
2433.3,0.00102810175194103
2432.59,0
2431.88,0
2431.16,0
2430.45,0
2429.74,0
2429.02,0
2428.31,0.000965524706976112
2427.6,0.00102981222554735
2426.88,0
2426.17,0.000918340256459708
2425.45,0
2424.74,0
2424.02,0
2423.31,0
2422.59,0
2421.88,0
2421.16,0
2420.45,0
2419.73,0
2419.02,0
2418.3,0
2417.59,0
2416.87,0.0010095685466249
2416.16,0.000961374213529519
2415.44,0.00108586070912296
2414.72,0.00132907577902895
2414.01,0.00130316840276663
2413.29,0.00108609835271499
2412.57,0
2411.86,0
2411.14,0
2410.42,0
2409.71,0
2408.99,0
2408.27,0.000982917542745164
2407.56,0.000967330337491879
2406.84,0.000941174113701405
2406.12,0
2405.4,0
2404.69,0
2403.97,0
2403.25,0
2402.53,0
2401.81,0
2401.1,0
2400.38,0
2399.66,0
2398.94,0.000963576863711765
2398.22,0.00124857516800823
2397.5,0.00151156341141683
2396.78,0.00186023627625678
2396.06,0.00167977670006365
2395.35,0.00169792904246304
2394.63,0.00138109171027014
2393.91,0.00134466578971224
2393.19,0.00117764535980848
2392.47,0.00097475233599149
2391.75,0.000982758249221967
2391.03,0.000986001921939014
2390.31,0.00102176171845308
2389.59,0.00131270801746629
2388.87,0.00132367439309449
2388.15,0.00146064924664279
2387.43,0.00135386549194176
2386.71,0.0013336404899168
2385.98,0.001360661558558
2385.26,0.00104875609611505
2384.54,0.000982174936391448
2383.82,0
2383.1,0
2382.38,0
2381.66,0.00091998282594962
2380.94,0.000976756593075807
2380.21,0
2379.49,0
2378.77,0
2378.05,0
2377.33,0.00103075361342565
2376.6,0.00106032219192459
2375.88,0.00111614943809404
2375.16,0.00134366495378316
2374.44,0.00145844333438682
2373.71,0.0014688892593738
2372.99,0.00145250820299004
2372.27,0.00164661618928659
2371.55,0.00137959974291055
2370.82,0.00146722874592025
2370.1,0.00173488625441987
2369.38,0.00170715727616252
2368.65,0.00168852142151254
2367.93,0.00161488005792415
2367.21,0.00155606200925831
2366.48,0.00135774964839362
2365.76,0.00130344578074663
2365.03,0.00131170436328496
2364.31,0.00112039490675044
2363.58,0.00115530745856148
2362.86,0.00116930763743984
2362.14,0.000995872386422307
2361.41,0
2360.69,0
2359.96,0
2359.24,0
2358.51,0
2357.79,0
2357.06,0
2356.33,0
2355.61,0
2354.88,0
2354.16,0
2353.43,0
2352.71,0.000992323134266513
2351.98,0.00116547688261783
2351.25,0.00120274289666044
2350.53,0.00130853795398422
2349.8,0.00142507721815095
2349.07,0.00118544275651471
2348.35,0.000962595075081358
2347.62,0
2346.89,0
2346.17,0
2345.44,0
2344.71,0
2343.98,0
2343.26,0
2342.53,0.00112768689668046
2341.8,0.00113461859122986
2341.07,0.00121654914413757
2340.34,0.00146380224969953
2339.62,0.00163736795195895
2338.89,0.00136311354263538
2338.16,0.00126957388765602
2337.43,0.00117405655186358
2336.7,0.00120128828957185
2335.97,0.00125277871494617
2335.24,0.00133408594998793
2334.52,0.00126305461769786
2333.79,0.00136355784101822
2333.06,0.00139924129190222
2332.33,0.00147230614832206
2331.6,0.00133777179468167
2330.87,0.00118726369141714
2330.14,0.00098271083055036
2329.41,0
2328.68,0
2327.95,0
2327.22,0
2326.49,0
2325.76,0.00108185697576391
2325.03,0.00140659709501258
2324.3,0.00141937068453646
2323.57,0.00151566139020408
2322.83,0.0014604704349669
2322.1,0.00155235690906415
2321.37,0.00142849459743369
2320.64,0.00159699446053207
2319.91,0.00165380995239797
2319.18,0.00174354401709371
2318.45,0.00185792313192481
2317.71,0.0016789553741711
2316.98,0.00167375006370926
2316.25,0.00193063353004473
2315.52,0.0018884120938187
2314.79,0.00209531473645368
2314.05,0.00205929796182616
2313.32,0.00225762707255097
2312.59,0.00208383147343631
2311.86,0.00162286463171463
2311.12,0.00146971232216475
2310.39,0.00119727166374068
2309.66,0.00124351656338005
2308.92,0.001356127853168
2308.19,0.00137174430646486
2307.46,0.00145380024526789
2306.72,0.00168433572453586
2305.99,0.00151389161420224
2305.26,0.00137165817125587
2304.52,0.00109386859341921
2303.79,0.00102522541198203
2303.05,0
2302.32,0
2301.59,0
2300.85,0
2300.12,0
2299.38,0
2298.65,0
2297.91,0
2297.18,0
2296.44,0
2295.71,0
2294.97,0
2294.24,0
2293.5,0
2292.76,0
2292.03,0
2291.29,0
2290.56,0
2289.82,0
2289.08,0
2288.35,0
2287.61,0
2286.87,0
2286.14,0
2285.4,0
2284.66,0
2283.93,0
2283.19,0
2282.45,0
2281.71,0.000976632291526488
2280.98,0.000996647644958383
2280.24,0.00105722754136645
2279.5,0.00103216136491703
2278.76,0.000962105622525116
2278.02,0.00092931812015107
2277.29,0
2276.55,0
2275.81,0
2275.07,0
2274.33,0
2273.59,0
2272.85,0
2272.11,0
2271.37,0
2270.64,0
2269.9,0
2269.16,0
2268.42,0
2267.68,0.00102546749776524
2266.94,0.00103951801366006
2266.2,0.00120197066471998
2265.46,0.00115412475922405
2264.72,0.000953863423387099
2263.98,0.00121863049714889
2263.23,0
2262.49,0
2261.75,0
2261.01,0
2260.27,0
2259.53,0
2258.79,0
2258.05,0
2257.31,0
2256.56,0
2255.82,0
2255.08,0
2254.34,0
2253.6,0
2252.85,0
2252.11,0
2251.37,0
2250.63,0
2249.88,0
2249.14,0
2248.4,0
2247.65,0
2246.91,0
2246.17,0
2245.42,0
2244.68,0
2243.94,0
2243.19,0
2242.45,0
2241.71,0
2240.96,0
2240.22,0
2239.47,0
2238.73,0
2237.98,0
2237.24,0
2236.49,0
2235.75,0
2235,0
2234.26,0
2233.51,0
2232.77,0
2232.02,0
2231.28,0
2230.53,0
2229.78,0
2229.04,0
2228.29,0
2227.54,0
2226.8,0
2226.05,0
2225.3,0
2224.56,0
2223.81,0
2223.06,0
2222.32,0
2221.57,0
2220.82,0
2220.07,0
2219.33,0
2218.58,0
2217.83,0
2217.08,0
2216.33,0
2215.59,0
2214.84,0
2214.09,0
2213.34,0.000969392528377746
2212.59,0.00111680543760474
2211.84,0
2211.09,0.0011768982942106
2210.34,0.00117191561167296
2209.59,0
2208.84,0
2208.09,0
2207.35,0
2206.6,0
2205.85,0
2205.1,0
2204.35,0
2203.59,0.00122807394853933
2202.84,0.00111417170113238
2202.09,0
2201.34,0
2200.59,0
2199.84,0
2199.09,0
2198.34,0
2197.59,0
2196.84,0
2196.09,0.000967754633907198
2195.33,0
2194.58,0
2193.83,0
2193.08,0
2192.33,0
2191.57,0
2190.82,0.000964430781025709
2190.07,0.00120630439880054
2189.32,0.00128334322792606
2188.56,0.00117140072578482
2187.81,0
2187.06,0
2186.3,0
2185.55,0
2184.8,0
2184.04,0
2183.29,0.00110097558409986
2182.54,0.00116090689809933
2181.78,0.00103410984976759
2181.03,0.000961961122130956
2180.27,0.00093589502087503
2179.52,0
2178.77,0
2178.01,0
2177.26,0
2176.5,0
2175.75,0
2174.99,0
2174.24,0
2173.48,0
2172.73,0
2171.97,0
2171.22,0
2170.46,0
2169.7,0
2168.95,0
2168.19,0
2167.44,0
2166.68,0.000926795917118245
2165.92,0
2165.17,0
2164.41,0
2163.65,0
2162.9,0
2162.14,0
2161.38,0.000984776168460919
2160.62,0.000986020701616958
2159.87,0.00116877055688811
2159.11,0.00144042129920329
2158.35,0.00122687567395585
2157.59,0.00104429631400461
2156.83,0.000970334037414542
2156.08,0
2155.32,0
2154.56,0
2153.8,0.000973911952090979
2153.04,0.0010150429876935
2152.28,0.000929130470966775
2151.53,0
2150.77,0
2150.01,0
2149.25,0
2148.49,0
2147.73,0
2146.97,0
2146.21,0
2145.45,0
2144.69,0
2143.93,0
2143.17,0
2142.41,0
2141.65,0
2140.89,0
2140.13,0
2139.37,0
2138.61,0
2137.85,0
2137.08,0
2136.32,0
2135.56,0
2134.8,0
2134.04,0
2133.28,0
2132.51,0
2131.75,0
2130.99,0
2130.23,0
2129.47,0
2128.7,0
2127.94,0
2127.18,0
2126.41,0
2125.65,0
2124.89,0
2124.12,0
2123.36,0
2122.6,0
2121.83,0
2121.07,0
2120.31,0
2119.54,0
2118.78,0
2118.01,0
2117.25,0
2116.48,0
2115.72,0
2114.95,0
2114.19,0
2113.42,0
2112.66,0
2111.89,0
2111.13,0
2110.36,0
2109.6,0
2108.83,0
2108.07,0
2107.3,0
2106.53,0
2105.77,0
2105,0
2104.23,0
2103.47,0
2102.7,0
2101.93,0
2101.17,0
2100.4,0
2099.63,0
2098.86,0
2098.1,0
2097.33,0
2096.56,0
2095.79,0
2095.02,0
2094.26,0
2093.49,0
2092.72,0
2091.95,0
2091.18,0
2090.41,0
2089.64,0
2088.87,0
2088.11,0
2087.34,0
2086.57,0
2085.8,0
2085.03,0
2084.26,0
2083.49,0
2082.72,0
2081.95,0
2081.18,0
2080.41,0
2079.63,0
2078.86,0
2078.09,0
2077.32,0
2076.55,0
2075.78,0
2075.01,0
2074.24,0
2073.47,0
2072.69,0
2071.92,0
2071.15,0
2070.38,0
2069.6,0
2068.83,0
2068.06,0
2067.29,0
2066.51,0
2065.74,0
2064.97,0
2064.19,0
2063.42,0
2062.65,0
2061.87,0
2061.1,0
2060.33,0
2059.55,0
2058.78,0
2058,0
2057.23,0
2056.46,0
2055.68,0
2054.91,0
2054.13,0
2053.36,0
2052.58,0
2051.81,0
2051.03,0
2050.26,0
2049.48,0
2048.7,0
2047.93,0
2047.15,0
2046.38,0
2045.6,0
2044.82,0
2044.05,0
2043.27,0
2042.49,0
2041.72,0
2040.94,0
2040.16,0
2039.38,0
2038.61,0
2037.83,0
2037.05,0
2036.27,0
2035.5,0
2034.72,0
2033.94,0
2033.16,0
2032.38,0
2031.6,0
2030.83,0
2030.05,0
2029.27,0
2028.49,0
2027.71,0
2026.93,0
2026.15,0
2025.37,0
2024.59,0
2023.81,0
2023.03,0
2022.25,0
2021.47,0
2020.69,0
2019.91,0
2019.13,0
2018.35,0
2017.57,0
2016.79,0
2016,0
2015.22,0
2014.44,0
2013.66,0
2012.88,0
2012.1,0
2011.31,0
2010.53,0
2009.75,0
2008.97,0
2008.19,0
2007.4,0
2006.62,0
2005.84,0
2005.05,0
2004.27,0
2003.49,0
2002.7,0
2001.92,0
2001.14,0
2000.35,0
1999.57,0
1998.79,0
1998,0
1997.22,0
1996.43,0
1995.65,0
1994.86,0
1994.08,0
1993.29,0
1992.51,0
1991.72,0
1990.94,0
1990.15,0
1989.37,0
1988.58,0
1987.8,0
1987.01,0
1986.22,0
1985.44,0
1984.65,0
1983.86,0
1983.08,0
1982.29,0
1981.5,0
1980.72,0
1979.93,0
1979.14,0
1978.35,0
1977.57,0
1976.78,0
1975.99,0
1975.2,0
1974.42,0
1973.63,0
1972.84,0
1972.05,0
1971.26,0
1970.47,0
1969.68,0.000916475186207462
1968.89,0.00106899632188158
1968.11,0
1967.32,0
1966.53,0
1965.74,0
1964.95,0
1964.16,0
1963.37,0
1962.58,0
1961.79,0
1961,0
1960.21,0
1959.42,0
1958.63,0
1957.83,0
1957.04,0
1956.25,0
1955.46,0
1954.67,0
1953.88,0
1953.09,0
1952.3,0
1951.5,0
1950.71,0
1949.92,0
1949.13,0
1948.33,0
1947.54,0
1946.75,0
1945.96,0
1945.16,0
1944.37,0
1943.58,0
1942.78,0
1941.99,0
1941.2,0
1940.4,0
1939.61,0
1938.81,0
1938.02,0
1937.23,0
1936.43,0
1935.64,0
1934.84,0
1934.05,0
1933.25,0
1932.46,0
1931.66,0
1930.87,0
1930.07,0
1929.28,0
1928.48,0
1927.68,0
1926.89,0
1926.09,0
1925.3,0
1924.5,0
1923.7,0
1922.91,0
1922.11,0
1921.31,0
1920.52,0
1919.72,0
1918.92,0
1918.12,0
1917.33,0
1916.53,0
1915.73,0
1914.93,0
1914.13,0
1913.34,0
1912.54,0
1911.74,0
1910.94,0
1910.14,0
1909.34,0
1908.54,0
1907.74,0
1906.94,0
1906.14,0
1905.35,0
1904.55,0
1903.75,0
1902.95,0
1902.15,0
1901.35,0
1900.54,0
1899.74,0
1898.94,0
1898.14,0
1897.34,0
1896.54,0
1895.74,0
1894.94,0
1894.14,0
1893.33,0
1892.53,0
1891.73,0
1890.93,0
1890.13,0
1889.32,0
1888.52,0
1887.72,0
1886.92,0
1886.11,0
1885.31,0
1884.51,0
1883.7,0
1882.9,0
1882.1,0
1881.29,0
1880.49,0
1879.69,0
1878.88,0
1878.08,0
1877.27,0
1876.47,0
1875.66,0
1874.86,0
1874.06,0
1873.25,0
1872.45,0
1871.64,0
1870.83,0
1870.03,0
1869.22,0
1868.42,0
1867.61,0
1866.81,0
1866,0
1865.19,0.00100344213957231
1864.39,0
1863.58,0
1862.77,0
1861.97,0
1861.16,0
1860.35,0
1859.54,0
1858.74,0
1857.93,0
1857.12,0
1856.31,0
1855.51,0
1854.7,0
1853.89,0
1853.08,0
1852.27,0
1851.46,0
1850.66,0
1849.85,0
1849.04,0.00149640333661884
1848.23,0.00166611282100007
1847.42,0.00137920290330738
1846.61,0.00153496906919111
1845.8,0.00122181098822348
1844.99,0.00127287617051803
1844.18,0.00117467532176069
1843.37,0.00115676383338307
1842.56,0
1841.75,0
1840.94,0
1840.13,0
1839.32,0
1838.51,0
1837.7,0
1836.89,0.00110897963370529
1836.07,0.00148342591377845
1835.26,0.00212087580470698
1834.45,0.00275070110129166
1833.64,0.00326032427018338
1832.83,0.00348021561271032
1832.02,0.00362521192506858
1831.2,0.00338498921189788
1830.39,0.00318741762275174
1829.58,0.00314986798192103
1828.77,0.00295734563524551
1827.95,0.0031629020978998
1827.14,0.00306296596639373
1826.33,0.00326868957341231
1825.52,0.00386883201357096
1824.7,0.00450761154275861
1823.89,0.00612686533041682
1823.08,0.00659785211734812
1822.26,0.00712369014068453
1821.45,0.00712693573647582
1820.63,0.00674663604616434
1819.82,0.00700916289220263
1819.01,0.00662881004573084
1818.19,0.00639268684092167
1817.38,0.00603237588096532
1816.56,0.00573358908198566
1815.75,0.00488425060960731
1814.93,0.00593788303064999
1814.12,0.00590967695817984
1813.3,0.00488361744477694
1812.49,0.00479762863343076
1811.67,0.00569401344184923
1810.86,0.00458074558555102
1810.04,0.00453911545336725
1809.23,0.0034718726150068
1808.41,0.00288540453870702
1807.59,0.00251764407398575
1806.78,0.00273005730171912
1805.96,0.00198312716591914
1805.15,0.00193962390411596
1804.33,0.00227181312776143
1803.51,0.00252147251134524
1802.7,0.0023905558488671
1801.88,0.0018370732122842
1801.06,0.00111984333615447
1800.24,0
1799.43,0
1798.61,0
1797.79,0
1796.97,0
1796.16,0.00100675198959652
1795.34,0.00143544393169749
1794.52,0.00125201977030572
1793.7,0
1792.88,0
1792.06,0
1791.24,0
1790.43,0
1789.61,0
1788.79,0
1787.97,0
1787.15,0
1786.33,0
1785.51,0
1784.69,0
1783.87,0
1783.05,0
1782.23,0
1781.41,0
1780.59,0
1779.77,0
1778.95,0
1778.13,0
1777.3,0.000997444563761119
1776.48,0
1775.66,0.000946640173895546
1774.84,0
1774.02,0
1773.2,0
1772.37,0
1771.55,0
1770.73,0
1769.91,0.00117031761456032
1769.08,0.00143432667559695
1768.26,0.00168126517797828
1767.44,0.00138379090300739
1766.62,0.00110472977937891
1765.79,0
1764.97,0
1764.15,0
1763.32,0
1762.5,0
1761.68,0
1760.85,0
1760.03,0
1759.2,0
1758.38,0
1757.55,0
1756.73,0
1755.91,0
1755.08,0
1754.26,0
1753.43,0
1752.6,0
1751.78,0
1750.95,0
1750.13,0
1749.3,0
1748.48,0
1747.65,0
1746.82,0
1746,0
1745.17,0
1744.34,0
1743.52,0
1742.69,0
1741.86,0
1741.04,0
1740.21,0
1739.38,0
1738.55,0
1737.72,0
1736.9,0
1736.07,0
1735.24,0
1734.41,0
1733.58,0
1732.75,0
1731.93,0
1731.1,0
1730.27,0
1729.44,0
1728.61,0
1727.78,0
1726.95,0
1726.12,0
1725.29,0.00108602592573909
1724.46,0.000940124495479999
1723.63,0
1722.8,0
1721.97,0
1721.14,0
1720.31,0
1719.48,0
1718.65,0
1717.81,0
1716.98,0
1716.15,0
1715.32,0
1714.49,0
1713.66,0
1712.82,0
1711.99,0
1711.16,0
1710.33,0
1709.49,0
1708.66,0
1707.83,0
1707,0
1706.16,0
1705.33,0
1704.5,0
1703.66,0
1702.83,0
1701.99,0
1701.16,0
1700.33,0
1699.49,0
1698.66,0
1697.82,0
1696.99,0
1696.15,0
1695.32,0
1694.48,0
1693.65,0
1692.81,0
1691.98,0
1691.14,0
1690.3,0
1689.47,0
1688.63,0
1687.8,0.00133383504449515
1686.96,0.00188245490681125
1686.12,0.00194763073911947
1685.29,0.00191359303431294
1684.45,0.00190057077576859
1683.61,0.00237355305768241
1682.78,0.00235836871567606
1681.94,0.00250454643284076
1681.1,0.00244406465359896
1680.26,0.00240465728371341
1679.43,0.00207604860856452
1678.59,0.00167667599376487
1677.75,0.00196622362219084
1676.91,0.00175334586093084
1676.07,0.00182655903430723
1675.23,0.00249659527321143
1674.4,0.00319729407257716
1673.56,0.0048465380024716
1672.72,0.0055553977552743
1671.88,0.00584392030414361
1671.04,0.00562453945719098
1670.2,0.00553670066283397
1669.36,0.00575651665355223
1668.52,0.00539191654985094
1667.68,0.0057228043737564
1666.84,0.0065774022671722
1666,0.007177384384795
1665.16,0.00808285389719683
1664.32,0.00859105765762984
1663.48,0.00879170907381004
1662.64,0.00945363083720219
1661.8,0.00938695462683456
1660.96,0.00995472174632434
1660.12,0.0103319186902558
1659.28,0.0110452009602175
1658.44,0.0111432164767677
1657.59,0.0110088590018972
1656.75,0.0112120805146622
1655.91,0.0108475394429827
1655.07,0.0101291329697826
1654.23,0.0102991826672474
1653.38,0.0102231457128255
1652.54,0.010703244277048
1651.7,0.0106092901914445
1650.86,0.0108361092443945
1650.01,0.0105413517921035
1649.17,0.0110046745593195
1648.33,0.011026632630456
1647.48,0.0109860445526192
1646.64,0.0103633429266609
1645.8,0.01111982992008
1644.95,0.0121542683857764
1644.11,0.0124018554164302
1643.27,0.0116117899333651
1642.42,0.0115916609012339
1641.58,0.0117187768314876
1640.73,0.0119142264201399
1639.89,0.0108832522443859
1639.04,0.00970512100693747
1638.2,0.00894250257523674
1637.36,0.00879881590933073
1636.51,0.00878995568634926
1635.67,0.008152730437562
1634.82,0.00745472048962948
1633.97,0.0081634708587042
1633.13,0.00922580522703102
1632.28,0.00955125213761527
1631.44,0.00942555071001514
1630.59,0.00988751168088846
1629.74,0.0108171268647699
1628.9,0.0107269846032726
1628.05,0.0102738698177024
1627.2,0.0100971373998491
1626.36,0.00962365273745125
1625.51,0.00921770883193372
1624.66,0.00991092316753732
1623.82,0.010211510345883
1622.97,0.0103013336409408
1622.12,0.011628857852555
1621.27,0.0115631064363786
1620.43,0.0112942218113219
1619.58,0.0109580143243497
1618.73,0.0105705052575243
1617.88,0.0107971296312164
1617.03,0.0110013850738793
1616.19,0.0117432499744858
1615.34,0.0120351917201846
1614.49,0.0123701926826368
1613.64,0.0137548815692578
1612.79,0.0136060729960661
1611.94,0.013931213202373
1611.09,0.0134941568301206
1610.24,0.0138402682527883
1609.39,0.0146283148894341
1608.54,0.0148329643049284
1607.69,0.0151388931427327
1606.84,0.0162661776023605
1605.99,0.0170691420919915
1605.14,0.0183321329175658
1604.29,0.0190528214772672
1603.44,0.020048958633712
1602.59,0.0211580793546259
1601.74,0.0234689340476847
1600.89,0.0244753445802442
1600.04,0.0261927172541976
1599.18,0.0280334556591963
1598.33,0.0308411474449154
1597.48,0.031952701754736
1596.63,0.0351049350952506
1595.78,0.0381092236580534
1594.92,0.0426402594527268
1594.07,0.0465370978717088
1593.22,0.0509699372083995
1592.37,0.0551942111165406
1591.51,0.0593330693269874
1590.66,0.0655086477434633
1589.81,0.0726283239650087
1588.96,0.0812931747246135
1588.1,0.0929789632115632
1587.25,0.106551082452401
1586.39,0.124333659721955
1585.54,0.145686587918768
1584.69,0.173085570644443
1583.83,0.206890600899489
1582.98,0.246546531336097
1582.12,0.291272875882985
1581.27,0.33897587511969
1580.42,0.388227853491147
1579.56,0.433713037647448
1578.71,0.472654615520677
1577.85,0.50295138180564
1576.99,0.522186000737907
1576.14,0.529993062515191
1575.28,0.528754839388406
1574.43,0.517228044830221
1573.57,0.497098257074843
1572.72,0.471714717666887
1571.86,0.441285005303507
1571,0.406783540581921
1570.15,0.370705196069605
1569.29,0.332941262802348
1568.43,0.295146625808042
1567.58,0.258254431433473
1566.72,0.223816810969718
1565.86,0.192314644722181
1565.01,0.164602259083081
1564.15,0.140814175954126
1563.29,0.119851379854321
1562.43,0.102725839886985
1561.58,0.0901301307246289
1560.72,0.0785315620863831
1559.86,0.0705284874212464
1559,0.0632990607911109
1558.14,0.0564871585192167
1557.28,0.0522925781812331
1556.42,0.0492410352759721
1555.57,0.0470860419418752
1554.71,0.0446737175157792
1553.85,0.0432163619515825
1552.99,0.042447132201488
1552.13,0.0405030499083639
1551.27,0.0383856671667384
1550.41,0.0351013426848275
1549.55,0.0316351727970376
1548.69,0.0293661794851763
1547.83,0.027179350176759
1546.97,0.0251054900630597
1546.11,0.0232640950006892
1545.25,0.0221977235688264
1544.39,0.0211774243527602
1543.53,0.0198339001881882
1542.66,0.0178867602155843
1541.8,0.0162016538940343
1540.94,0.0143201003122453
1540.08,0.013161115542754
1539.22,0.0113849525733847
1538.36,0.0101775538332851
1537.49,0.00955440813209605
1536.63,0.00926525001992962
1535.77,0.00807838354043746
1534.91,0.00779393023187022
1534.04,0.00764473477867876
1533.18,0.00731225111360928
1532.32,0.00742556443640823
1531.46,0.00693154184525485
1530.59,0.0063505807230482
1529.73,0.00650249469378004
1528.87,0.00658929295009179
1528,0.00669779242813649
1527.14,0.00610297379367688
1526.27,0.0059819214862288
1525.41,0.00539397223857803
1524.55,0.00556496711723302
1523.68,0.00543708339841703
1522.82,0.00461933578485204
1521.95,0.00482052555463928
1521.09,0.00477823292588237
1520.22,0.0048046109127439
1519.36,0.00469674175804543
1518.49,0.00447693349858397
1517.63,0.0038471123246814
1516.76,0.00353139052110294
1515.89,0.0039361746646622
1515.03,0.00277548065515772
1514.16,0.0036678543806696
1513.3,0.00401853937074274
1512.43,0.00379280571413317
1511.56,0.00399494769842297
1510.7,0.00372396662068892
1509.83,0.00305897162377826
1508.96,0.00165226081356283
1508.1,0.00157226096326209
1507.23,0.00284224276131887
1506.36,0.00353720926500095
1505.49,0.00363417457622171
1504.63,0.00378280045740521
1503.76,0.00408064366155063
1502.89,0.00429372759745306
1502.02,0.00365034131279924
1501.15,0.00369941813644694
1500.29,0.00388452363197257
1499.42,0.00411993338998959
1498.55,0.00450413847977031
1497.68,0.00412843131343221
1496.81,0.00375667262149606
1495.94,0.00381419739341441
1495.07,0.00407309185093533
1494.2,0.00372632208850567
1493.33,0.0036335792643472
1492.46,0.00363760209962157
1491.59,0.00380204158789466
1490.72,0.00453794660872652
1489.85,0.00428350216390976
1488.98,0.00417066574969278
1488.11,0.00464165827456248
1487.24,0.00527994049060234
1486.37,0.00561344336550183
1485.5,0.00571289414784148
1484.63,0.00622708089141995
1483.76,0.00654066588107007
1482.88,0.00612155399713851
1482.01,0.00662071498635291
1481.14,0.00666188440378972
1480.27,0.00799044496393065
1479.4,0.00916028438633715
1478.53,0.0100526485715167
1477.65,0.0103614900535395
1476.78,0.0108482793528066
1475.91,0.0106270816583361
1475.03,0.0103115930372464
1474.16,0.0086704079132983
1473.29,0.00763511045446801
1472.42,0.00616094729875425
1471.54,0.00580326106910634
1470.67,0.0052921546181115
1469.79,0.00417086703931414
1468.92,0.00369934760243639
1468.05,0.00291585146542318
1467.17,0.00168776311397285
1466.3,0.00147283647626416
1465.42,0.00173557472691945
1464.55,0.0017203042798002
1463.67,0.00325016599936542
1462.8,0.00376331249241987
1461.92,0.00430352413922444
1461.05,0.00427076860671139
1460.17,0.00454340634877192
1459.3,0.00441714449687076
1458.42,0.00423496877091957
1457.55,0.0037507702054053
1456.67,0.00366884151881333
1455.79,0.00378598955527925
1454.92,0.00361137934911641
1454.04,0.00373248466052955
1453.17,0.00385301225366027
1452.29,0.00394305987809622
1451.41,0.00438180134059413
1450.53,0.00388794031766293
1449.66,0.00382307188207534
1448.78,0.00355019582388867
1447.9,0.00357957056508502
1447.02,0.00391708673763411
1446.15,0.00406988511406658
1445.27,0.00387804188268523
1444.39,0.0039568766143056
1443.51,0.0034557701934146
1442.63,0.0034320780933584
1441.76,0.00292460587042554
1440.88,0.00136456397152417
1440,0.00142867062622355
1439.12,0.00119914562737649
1438.24,0.00297942121912084
1437.36,0.00334641874309438
1436.48,0.00333208588066737
1435.6,0.00389673017179074
1434.72,0.00398506815102646
1433.84,0.00443141648176966
1432.96,0.0040431844563479
1432.08,0.00332294128967526
1431.2,0.00332760946973899
1430.32,0.00281761636223037
1429.44,0.0033355984268864
1428.56,0.00323730900842828
1427.68,0.00300925908800033
1426.8,0.00382007055983032
1425.91,0.0037628954153655
1425.03,0.00409574324190262
1424.15,0.00396753106226183
1423.27,0.00382445528258754
1422.39,0.00446465443017416
1421.51,0.00418070615945316
1420.62,0.00398790705246469
1419.74,0.00384394770879051
1418.86,0.00367820796373646
1417.98,0.00383969532230794
1417.09,0.00346200231729276
1416.21,0.00338889537425032
1415.33,0.00364493723843178
1414.44,0.00394592758438198
1413.56,0.00408894379603289
1412.68,0.00405186191168893
1411.79,0.00425510342000415
1410.91,0.0042550510620314
1410.02,0.0041490187797497
1409.14,0.00381759061357395
1408.26,0.00359047851794063
1407.37,0.00317832767509701
1406.49,0.00371016197497091
1405.6,0.00340287323742509
1404.72,0.00333415564906159
1403.83,0.00357399752843191
1402.95,0.00407213587849188
1402.06,0.00421978008917577
1401.18,0.00471639654133844
1400.29,0.00412828047379724
1399.4,0.00446872790340343
1398.52,0.00456135950534515
1397.63,0.00486240646520799
1396.75,0.00503195207586962
1395.86,0.00565476188869708
1394.97,0.00582042369841185
1394.08,0.00600900925577777
1393.2,0.00798047608685303
1392.31,0.00762432692495409
1391.42,0.00685851432158923
1390.54,0.0073850284819952
1389.65,0.00746100713895359
1388.76,0.00763911955944912
1387.87,0.00773549172476158
1386.98,0.00768414170675888
1386.1,0.00709597191301445
1385.21,0.00660561962689013
1384.32,0.00639327491433072
1383.43,0.00474059699722256
1382.54,0.00408764843831129
1381.65,0.00424277302330208
1380.76,0.00424139829550922
1379.87,0.00477945752446726
1378.98,0.00570932009243946
1378.09,0.00473742006287353
1377.21,0.00439855947726683
1376.32,0.00412957388224922
1375.43,0.00419997077467126
1374.53,0.00367785127799512
1373.64,0.00375192848487346
1372.75,0.00418221540497429
1371.86,0.00461059173192542
1370.97,0.00639756740783228
1370.08,0.00628096034063476
1369.19,0.0060200300812923
1368.3,0.0059581625684045
1367.41,0.00492643734792249
1366.52,0.00447849845418743
1365.62,0.00386445751851126
1364.73,0.00437199155166928
1363.84,0.00454851981804388
1362.95,0.00580725095003838
1362.05,0.00602783154151029
1361.16,0.00579863383061039
1360.27,0.00483937068963426
1359.38,0.0048307279390382
1358.48,0.0045046455918125
1357.59,0.00489147172026797
1356.7,0.00423950346971886
1355.8,0.00473567678819562
1354.91,0.00579681493121945
1354.02,0.00498309630189021
1353.12,0.00476340697017796
1352.23,0.0049092985787626
1351.33,0.0043829139131725
1350.44,0.00445732254402222
1349.54,0.00460124641800138
1348.65,0.00406418612113176
1347.75,0.00341334798877812
1346.86,0.00304691269967956
1345.96,0.00300174859337828
1345.07,0.00287517143793485
1344.17,0.0029794200135008
1343.28,0.0026830925915617
1342.38,0.00151918299188366
1341.49,0.00281735649645317
1340.59,0.00313244633575684
1339.69,0.00305267533074338
1338.8,0.00311273633366242
1337.9,0.0029021504555689
1337,0.00284084427271997
1336.11,0.00328017425501036
1335.21,0.0027951455069383
1334.31,0.00140701783446604
1333.41,0.00136734891209566
1332.52,0.00162147481072743
1331.62,0.00173737699932444
1330.72,0.0016985358986469
1329.82,0.00254582466397836
1328.92,0.00252237260284244
1328.03,0.00243817380366672
1327.13,0.00247317658337561
1326.23,0.0017065576543363
1325.33,0.00132465685219268
1324.43,0.00114317572368696
1323.53,0.00114454867384734
1322.63,0
1321.73,0
1320.83,0
1319.93,0
1319.03,0
1318.13,0.00111413703260722
1317.23,0.00122844227852763
1316.33,0.00117265680585597
1315.43,0.00115180068699082
1314.53,0.00132754477051761
1313.63,0.00117145039722818
1312.73,0.001049861442905
1311.83,0
1310.93,0
1310.03,0
1309.12,0.001066594887159
1308.22,0
1307.32,0.00105448842273543
1306.42,0.00129213999626034
1305.52,0.00159841009024827
1304.61,0.00165496694451883
1303.71,0.00252893371356177
1302.81,0.00304786529199414
1301.9,0.0041370418866046
1301,0.00503201363799737
1300.1,0.00626404540515353
1299.19,0.00741518121364226
1298.29,0.00884928852957407
1297.39,0.00891651653574338
1296.48,0.00881406767618385
1295.58,0.00827066720581906
1294.68,0.00732882933776486
1293.77,0.00626633926849425
1292.87,0.00479840475155632
1291.96,0.00367583681602587
1291.06,0.00251541783263748
1290.15,0.00116164982254615
1289.25,0
1288.34,0
1287.44,0
1286.53,0
1285.62,0
1284.72,0
1283.81,0
1282.91,0
1282,0
1281.09,0
1280.19,0
1279.28,0
1278.37,0
1277.46,0
1276.56,0
1275.65,0
1274.74,0
1273.83,0.00110019422732403
1272.93,0.00139773060765346
1272.02,0.00354451669287344
1271.11,0.00456180429263567
1270.2,0.00589522985678137
1269.29,0.00638536614560324
1268.38,0.00810889986174982
1267.47,0.00899528639976824
1266.57,0.0109149660196334
1265.66,0.0114652429595908
1264.75,0.0122307702133306
1263.84,0.0126778333018427
1262.93,0.0133441817662596
1262.02,0.0141351724657566
1261.11,0.013229875132694
1260.2,0.0129847877539632
1259.29,0.0135744620764934
1258.38,0.0130027711038165
1257.47,0.0133461223394711
1256.55,0.0120479751568124
1255.64,0.0117111874028176
1254.73,0.0108419925662221
1253.82,0.00896630007829202
1252.91,0.00782411412461616
1252,0.00599145163640309
1251.09,0.00426779466729293
1250.17,0.00325870696618124
1249.26,0.00282525639333429
1248.35,0.00137799130220016
1247.44,0.00133905960569654
1246.52,0.00136449225165086
1245.61,0.00147409923187266
1244.7,0.00136198899966992
1243.78,0.00177284203706603
1242.87,0.00261212047331206
1241.96,0.00168242779926021
1241.04,0.00138783885035221
1240.13,0.00274132047691377
1239.22,0.00148144642264669
1238.3,0.00123956044250946
1237.39,0.00117125420178356
1236.47,0.00109087182061718
1235.56,0.00106505229677647
1234.64,0
1233.73,0
1232.81,0
1231.9,0
1230.98,0
1230.07,0
1229.15,0
1228.24,0
1227.32,0
1226.4,0
1225.49,0
1224.57,0
1223.65,0
1222.74,0
1221.82,0
1220.9,0
1219.99,0
1219.07,0
1218.15,0
1217.23,0.00107397865460462
1216.31,0.00108828182817262
1215.4,0.00117911877633552
1214.48,0.0011936153836074
1213.56,0
1212.64,0
1211.72,0
1210.8,0
1209.88,0
1208.96,0
1208.05,0
1207.13,0
1206.21,0
1205.29,0
1204.37,0
1203.45,0
1202.53,0
1201.6,0
1200.68,0.00101005508279333
1199.76,0.00121812643844728
1198.84,0.00257567710590448
1197.92,0.00125458499212692
1197,0.00119181919124312
1196.08,0.00125541701765626
1195.16,0.00281083143278613
1194.23,0.00358969095190272
1193.31,0.00609371014061301
1192.39,0.00856058806305833
1191.47,0.0125168579189483
1190.54,0.0189128045389791
1189.62,0.0256742505692952
1188.7,0.0341398017064584
1187.78,0.0442627601226832
1186.85,0.0555236046197191
1185.93,0.0661673783408306
1185.01,0.0761348887211045
1184.08,0.0845842604171514
1183.16,0.0910102275056026
1182.23,0.0948310966328701
1181.31,0.0962381117046119
1180.39,0.0944760095754986
1179.46,0.0901845140532726
1178.54,0.0834581142991941
1177.61,0.0747511763606936
1176.69,0.0638914804301626
1175.76,0.0529357358763334
1174.84,0.041885274343687
1173.91,0.0320428085057927
1172.98,0.0230438622367064
1172.06,0.015427092755721
1171.13,0.0105318867096038
1170.21,0.00649833852837772
1169.28,0.00425364994517244
1168.35,0.00336520688274418
1167.43,0.00271287897819607
1166.5,0.00246516672212817
1165.57,0.00244646035306012
1164.65,0.00109951112147356
1163.72,0.00119241675900249
1162.79,0.00121991317504934
1161.86,0.00122535941988201
1160.94,0.00108258564351312
1160.01,0.00140800495719496
1159.08,0.00272638906254505
1158.15,0.00121154989155692
1157.22,0.00227593187276603
1156.29,0.00126852793563831
1155.37,0.00094299231139547
1154.44,0.00122517102148839
1153.51,0.00255154781547892
1152.58,0.00271952004131528
1151.65,0.0033551402128775
1150.72,0.00588417896743441
1149.79,0.00633439430101646
1148.86,0.00643404786574035
1147.93,0.00695603258104579
1147,0.00731976518670859
1146.07,0.00756794300206337
1145.14,0.00872681884356848
1144.21,0.00959901622179253
1143.28,0.0117615867128238
1142.35,0.0131961487667623
1141.41,0.0148967057107073
1140.48,0.0151575515065899
1139.55,0.0163663087621738
1138.62,0.0180159365867032
1137.69,0.0190730690860137
1136.76,0.020174790616617
1135.82,0.0221337071830964
1134.89,0.02357968598759
1133.96,0.0255697931376352
1133.03,0.0271303336673817
1132.09,0.0293426520252397
1131.16,0.0311450926574192
1130.23,0.0332512356629093
1129.29,0.0354939521383292
1128.36,0.0363247924286536
1127.43,0.0381384975662815
1126.49,0.040550507687311
1125.56,0.0425907225570446
1124.62,0.0453508521646991
1123.69,0.0488557985155301
1122.75,0.0526384733957371
1121.82,0.0562535901332942
1120.89,0.0605656027136107
1119.95,0.0642281160449979
1119.01,0.0658783780962128
1118.08,0.0685390942965661
1117.14,0.0705430076029579
1116.21,0.0722283067503212
1115.27,0.0752985383068893
1114.34,0.0767580936970632
1113.4,0.0787867977001106
1112.46,0.0819287166061714
1111.53,0.0856973579274473
1110.59,0.0894445490152068
1109.65,0.0916242003367972
1108.72,0.0950350113407766
1107.78,0.0980457751486597
1106.84,0.10309064628643
1105.9,0.107719607968779
1104.97,0.112630859749257
1104.03,0.119196616697717
1103.09,0.126431529414862
1102.15,0.134671185993962
1101.21,0.143515647796538
1100.28,0.151683051359608
1099.34,0.160013352305958
1098.4,0.167023601182139
1097.46,0.174680473672867
1096.52,0.179096870363083
1095.58,0.182810497588056
1094.64,0.184094290810825
1093.7,0.184805747445502
1092.76,0.187068657871928
1091.82,0.191444736106575
1090.88,0.200784720765555
1089.94,0.21639578434668
1089,0.241731010227513
1088.06,0.280535548091034
1087.12,0.333731593298336
1086.18,0.401469967439753
1085.24,0.481588951167034
1084.29,0.574637436306591
1083.35,0.673237702620177
1082.41,0.7661315139976
1081.47,0.850443740127118
1080.53,0.918356769218888
1079.58,0.96798073992228
1078.64,0.994911953957472
1077.7,1
1076.76,0.98192475500483
1075.81,0.943905913934097
1074.87,0.892321021535863
1073.93,0.824192105519895
1072.98,0.741550594909426
1072.04,0.654868938812025
1071.1,0.565365255797653
1070.15,0.478965148132919
1069.21,0.399384375969801
1068.26,0.328415055880617
1067.32,0.26749294668901
1066.38,0.21934322834381
1065.43,0.181921319018081
1064.49,0.151264070888828
1063.54,0.127813918817459
1062.6,0.110526286642394
1061.65,0.0968366738554088
1060.7,0.0859912192776951
1059.76,0.0774373725333229
1058.81,0.0694703663240978
1057.87,0.0625108458312788
1056.92,0.0572142402140878
1055.97,0.0512865966464011
1055.03,0.0453205915288617
1054.08,0.0410108483084435
1053.13,0.0373162398845107
1052.19,0.0341977397558991
1051.24,0.0313734760007834
1050.29,0.0282601923183341
1049.34,0.0260208588092817
1048.4,0.0231640684255296
1047.45,0.0210621757812154
1046.5,0.0186934814848888
1045.55,0.0159330173215397
1044.6,0.0152049578265163
1043.65,0.0144910234499705
1042.71,0.0136845224978022
1041.76,0.0131972111862075
1040.81,0.01178132613581
1039.86,0.0105218691745986
1038.91,0.00980286713099215
1037.96,0.00886749730977159
1037.01,0.00759725903036086
1036.06,0.0057296482194319
1035.11,0.00543490593590839
1034.16,0.00570631789906799
1033.21,0.0052731450861496
1032.26,0.00502420234783724
1031.31,0.00331743003608542
1030.36,0.00298115280372967
1029.4,0.0035378022480058
1028.45,0.00478719069462106
1027.5,0.00498484011050879
1026.55,0.00447605807394418
1025.6,0.00307797902897656
1024.65,0.00296043885855175
1023.69,0.00134461499664709
1022.74,0.00131280481091951
1021.79,0.00104296085779265
1020.84,0.00105307927561658
1019.88,0.00264214049056461
1018.93,0.00533386773080808
1017.98,0.00665547671820197
1017.02,0.00965391663657857
1016.07,0.0115226102468779
1015.12,0.0136635066160877
1014.16,0.0158559156689332
1013.21,0.0171908442830295
1012.25,0.0160034106517641
1011.3,0.0146527470037534
1010.34,0.0124366247981051
1009.39,0.00996003081493949
1008.43,0.00592567421364614
1007.48,0.00299038155563091
1006.52,0.00108913436491956
1005.57,0
1004.61,0
1003.66,0
1002.7,0
1001.74,0
1000.79,0
999.832,0
998.875,0
997.919,0
996.962,0
996.004,0
995.047,0
994.089,0
993.132,0
992.174,0
991.216,0
990.258,0
989.299,0
988.341,0
987.382,0
986.423,0
985.464,0
984.505,0
983.545,0
982.586,0
981.626,0
980.666,0
979.706,0
978.746,0
977.785,0
976.824,0
975.864,0
974.903,0
973.941,0
972.98,0
972.019,0
971.057,0
970.095,0
969.133,0
968.171,0
967.209,0
966.246,0
965.283,0
964.32,0
963.357,0
962.394,0
961.431,0.00113324585078221
960.467,0.00102021259149229
959.503,0
958.54,0
957.575,0.00102575444332407
956.611,0.00109091493256526
955.647,0
954.682,0.00108046317564479
953.717,0
952.752,0
951.787,0
950.822,0
949.857,0
948.891,0
947.925,0
946.959,0
945.993,0
945.026,0
944.06,0
943.093,0.00103815020824368
942.126,0.00095088213603156
941.159,0
940.192,0
939.225,0
938.257,0
937.289,0
936.322,0
935.353,0
934.385,0
933.417,0
932.448,0
931.479,0
930.51,0
929.541,0
928.572,0
927.602,0
926.633,0
925.663,0
924.693,0
923.723,0
922.752,0
921.782,0
920.811,0
919.84,0
918.869,0
917.898,0
916.926,0
915.955,0
914.983,0
914.011,0
913.039,0
912.067,0
911.094,0
910.122,0
909.149,0
908.176,0
907.203,0
906.229,0
905.256,0
904.282,0
903.308,0
902.334,0
901.36,0
900.386,0
899.411,0
898.436,0
897.461,0
896.486,0
895.511,0
894.536,0
893.56,0
892.584,0
891.608,0
890.632,0
889.656,0
888.679,0
887.702,0
886.726,0
885.748,0
884.771,0
883.794,0
882.816,0
881.839,0
880.861,0
879.882,0
878.904,0
877.926,0
876.947,0
875.968,0
874.989,0
874.01,0
873.031,0
872.051,0
871.072,0
870.092,0
869.112,0
868.131,0
867.151,0
866.17,0
865.19,0
864.209,0
863.228,0
862.246,0
861.265,0
860.283,0
859.301,0
858.319,0
857.337,0
856.355,0
855.372,0.00112068525279105
854.389,0.00130256828411292
853.407,0.00124532745275521
852.424,0
851.44,0
850.457,0
849.473,0.0011974778582894
848.489,0.00149212644452149
847.505,0.00131787771370716
846.521,0.00121069056307072
845.537,0.00135029691379269
844.552,0.00118437871164339
843.568,0.00122256228412026
842.583,0.00111108841117612
841.598,0.00129579042143321
840.613,0.00250072206494706
839.627,0.00406154022057053
838.642,0.00561120382445875
837.656,0.00679088289696233
836.67,0.00671576954915977
835.684,0.00697089751764024
834.698,0.00701505687862884
833.711,0.00723586520291968
832.724,0.00753170054445132
831.738,0.00821131316033439
830.751,0.0083812214193936
829.763,0.00883011591670321
828.776,0.00897878152235558
827.789,0.00934178887112462
826.801,0.00864523159550971
825.813,0.00871996819620546
824.825,0.00933558028552117
823.837,0.0096809757052656
822.848,0.00943328260231814
821.859,0.00895596386187951
820.871,0.00811987451163745
819.882,0.0078427767904682
818.892,0.00739524671179093
817.903,0.00739924936390712
816.914,0.00740401121370011
815.924,0.00729211316063601
814.934,0.00778801097353658
813.944,0.00700038920824339
812.954,0.00658389397601935
811.963,0.00636291374396795
810.973,0.00606800075704344
809.982,0.00629553246923947
808.991,0.00580878981146872
808,0.00612327460335331
807.008,0.00606131390230725
806.017,0.00540046277587819
805.025,0.00417126233091082
804.033,0.00312660684150084
803.041,0.0027605861969793
802.049,0.00181482646848143
801.057,0.00130512134513587
800.064,0.00172022070397664
799.071,0.00177398200244875
798.078,0.00283607255494731
797.085,0.00300141229009328
796.092,0.00276884815109088
795.099,0.00295057843073768
794.105,0.00187384243020892
793.111,0.001479916518585
792.117,0.0013309196626297
791.123,0.00158203496078545
790.128,0.00151156100484818
789.134,0.00278432343493363
788.139,0.00359463837778875
787.144,0.00530965542224546
786.149,0.00593869286891483
785.154,0.00608709338889747
784.158,0.00640777478826947
783.162,0.00641376599215111
782.167,0.00585963332065517
781.171,0.00566623576322544
780.174,0.0045093317107744
779.178,0.00465405293910663
778.181,0.0055191560497549
777.185,0.00570053926559646
776.188,0.00631083083610483
775.191,0.00706439928622147
774.193,0.00738488835907301
773.196,0.00801799710888979
772.198,0.00752831390225415
771.2,0.00707898138020334
770.202,0.0074957060220138
769.204,0.00742138595924642
768.206,0.00673506490606954
767.207,0.00645671980609335
766.208,0.0067458428076643
765.209,0.00736518792652197
764.21,0.00657012412301141
763.211,0.00732229914414807
762.212,0.00782311905566084
761.212,0.0088540875209311
760.212,0.0110407107387225
759.212,0.0122251243489088
758.212,0.0134340788697434
757.211,0.0154481009411397
756.211,0.0180388106155396
755.21,0.0225553877444473
754.209,0.0284482845155691
753.208,0.0385687402101145
752.207,0.0532600640957429
751.205,0.0714924828149598
750.203,0.0943572341986766
749.202,0.119638688583155
748.2,0.147633039581806
747.197,0.174978515348053
746.195,0.201484253701347
745.192,0.22442123449163
744.19,0.239977921575435
743.187,0.247974461213009
742.183,0.246074904954946
741.18,0.233868354340998
740.177,0.21256900544569
739.173,0.183723070035222
738.169,0.152428681549358
737.165,0.12034648624542
736.161,0.0918863465484588
735.156,0.0685143767225198
734.152,0.0494673312043075
733.147,0.0360532643579
732.142,0.0258730697034781
731.137,0.0204512185598861
730.131,0.0162879143532308
729.126,0.0131855711117315
728.12,0.0123588232871384
727.114,0.0112525579889532
726.108,0.0102201296307371
725.102,0.00995389697500345
724.095,0.00880169331177809
723.089,0.00879758675158906
722.082,0.00808898506903774
721.075,0.00835676263048115
720.068,0.00903562259713096
719.06,0.00964621846561955
718.053,0.0121978639441601
717.045,0.0144524220798811
716.037,0.0170524597662588
715.029,0.0191049417751068
714.021,0.0209721132845274
713.012,0.0218182153357695
712.004,0.0224063456626279
710.995,0.0230878229685102
709.986,0.0249324933568539
708.977,0.025087795439709
707.967,0.0250353507578972
706.958,0.0245774957599821
705.948,0.0239855917504124
704.938,0.0217606545602807
703.928,0.0200515417998959
702.917,0.0175422956160425
701.907,0.0158532613298394
700.896,0.0139847899058513
699.885,0.0134696557568232
698.874,0.0120185350880151
697.863,0.0109198098826879
696.851,0.00999345964442815
695.84,0.0095685011101022
694.828,0.00906097321571646
693.816,0.00858907513772873
692.804,0.00824674573000317
691.791,0.00786739254292658
690.779,0.00669581494643248
689.766,0.00636055654564039
688.753,0.00603525027037681
687.74,0.00462019327721332
686.727,0.00497687600189182
685.713,0.00526508900378755
684.7,0.00535206934654888
683.686,0.0050765900238592
682.672,0.00587729737683489
681.658,0.00592206498612049
680.643,0.005001879732444
679.629,0.00519314966393149
678.614,0.00479704311225017
677.599,0.00504437976918437
676.584,0.00526256917294466
675.568,0.00488967158530954
674.553,0.00520323585646518
673.537,0.00528303426231251
672.521,0.0052838868117884
671.505,0.00507556212195796
670.489,0.00506267162377918
669.472,0.00487038475693782
668.456,0.00497854295138148
667.439,0.00506764619972952
666.422,0.00484461684335191
665.405,0.00545606163157392
664.387,0.00549811079841706
663.37,0.00579044194726694
662.352,0.00580116345230282
661.334,0.00572948150956228
660.316,0.00497823129957273
659.297,0.00509334718474608
658.279,0.00494151268306334
657.26,0.00495913044969822
656.241,0.00448220257034798
655.222,0.00463047023051782
654.203,0.00414752577773968
653.183,0.00423408055426982
652.164,0.0039187491035307
651.144,0.00361514352356996
650.124,0.00358771597911932
649.104,0.00405883915928457
648.083,0.00421361625689913
647.063,0.00466420677691277
646.042,0.00476842313383918
645.021,0.00598501567231453
644,0.00681637978993804
642.978,0.00737488597398979
641.957,0.00729509338413095
640.935,0.00645010610370253
639.913,0.00580937369921153
638.891,0.00637561835401868
637.869,0.0116514588707764
636.846,0.0201657504695161
635.824,0.0374972412597884
634.801,0.0621968782222011
633.778,0.0872824931186979
632.755,0.109426176159536
631.731,0.123566393711302
630.708,0.126247666007642
629.684,0.116520157512944
628.66,0.0976350033676128
627.636,0.073899218684148
626.611,0.0508730512596564
625.587,0.0331947214286936
624.562,0.0225315915013253
623.537,0.0162534968842132
622.512,0.0130651657201464
621.487,0.0118145065534055
620.461,0.0108944156418192
619.436,0.010070622486431
618.41,0.00895096143034915
617.384,0.00706113872974443
616.357,0.00641718270743299
615.331,0.00638932313249714
614.304,0.0079705162684032
613.277,0.00791333759532848
612.25,0.00851765298240541
611.223,0.00923768772574994
610.196,0.00929584305286519
609.168,0.00914397350676832
608.141,0.00852937804322828
607.113,0.00840446344664502
606.084,0.00734050694896642
605.056,0.00778719654924465
604.028,0.00852321903153106
602.999,0.00810104162250397
601.97,0.00770008064655027
600.941,0.00774652471539424
599.912,0.00736560291839121
598.882,0.00753709981218292
597.852,0.00782932363270514
596.823,0.00770186935595427
595.793,0.00786423094679232
594.762,0.00720474084357624
593.732,0.00751309417238013
592.701,0.0072022396963085
591.671,0.00762438006859679
590.64,0.00746497307277648
589.608,0.0082593634755776
588.577,0.00796661794168383
587.545,0.00765404247388202
586.514,0.00788928693589745
585.482,0.00801913057165786
584.45,0.00737310755744594
583.417,0.00742485465801714
582.385,0.00714928729993969
581.352,0.00706110554633487
580.319,0.00639781491660919
579.286,0.00581265694434794
578.253,0.00535808570334847
577.219,0.00562845130181089
576.186,0.00675618984512142
575.152,0.00819879139723227
574.118,0.0102313081002501
573.083,0.0117094366503033
572.049,0.0133442391183276
571.014,0.0155028026510376
569.98,0.0161985699390578
568.945,0.0180125277785971
567.909,0.0202008525618243
566.874,0.0209351450346488
565.838,0.0220587675124858
564.803,0.0234335743864103
563.767,0.0238457835735335
562.73,0.0237893494511512
561.694,0.0239575281143289
560.658,0.0234824456927102
559.621,0.0241445073295463
558.584,0.0253826670850895
557.547,0.0253965090273788
556.509,0.0252282465551545
555.472,0.0252594042754473
554.434,0.0243640179349868
553.396,0.024260060542806
552.358,0.0240283106135042
551.32,0.0235835453443239
550.282,0.0226301527681951
549.243,0.0228687060655415
548.204,0.0224471923617365
547.165,0.0210929820705478
546.126,0.0206906762063076
545.086,0.0201493592927183
544.047,0.0190776159843642
543.007,0.0190166705702331
541.967,0.0187464489903171
540.927,0.0178595355449368
539.886,0.0170138037437933
538.846,0.0164776526284712
537.805,0.0152739726503384
536.764,0.0130970404659493
535.723,0.0130696267128781
534.681,0.0119645221779806
533.64,0.0115773989689094
532.598,0.0118576590047947
531.556,0.0122299148447362
530.514,0.0124975787561805
529.472,0.0122646946072245
528.429,0.012427313364152
527.387,0.0125549902817237
526.344,0.0128299386422248
525.301,0.0131840451123306
524.257,0.013100381821413
523.214,0.0134744031456601
522.17,0.0151440385679529
521.126,0.0156408903423869
520.082,0.0153510750222734
519.038,0.0147955565770977
517.993,0.0151469481935817
516.949,0.0128697927262565
515.904,0.011535152608108
514.859,0.0101875562114384
513.814,0.00866698203233371
512.768,0.00710488581079062
511.723,0.00693075131010167
510.677,0.00676642446524351
509.631,0.00658795438304935
508.585,0.00744664759165281
507.538,0.00867892074368172
506.492,0.00942261622923649
505.445,0.0094536692962124
504.398,0.0103446399714006
503.351,0.00903788212524495
502.303,0.00798539376900155
501.256,0.00694290546327554
500.208,0.00682073369599747
499.16,0.00614339851504723
498.112,0.00561442934461023
497.063,0.00594820754843868
496.015,0.00637969014647605
494.966,0.00580423065505118
493.917,0.00581635230824628
492.868,0.00492901689133272
491.819,0.00505415359932385
490.769,0.00566170571770001
489.72,0.00524103037690497
488.67,0.00549350500103323
487.62,0.00621731473018859
486.569,0.00657936810919604
485.519,0.00693961649609979
484.468,0.00590333426801352
483.417,0.00471351398328381
482.366,0.00469873769068925
481.315,0.00466528224675034
480.263,0.00486407640504409
479.212,0.00239673945220535
478.16,0.00268281213549066
477.108,0.00369728120325293
476.055,0.00234797150063047
475.003,0.00161866914795237
473.95,0
472.897,0
471.844,0
470.791,0
469.738,0
468.684,0
467.63,0
466.576,0.00110966080976273
465.522,0.00178619723349077
464.468,0.00382129056717802
463.413,0.00469346032490181
462.358,0.00486723250282819
461.303,0.00537553718548653
460.248,0.00543764053913444
459.193,0.00598039248611933
458.137,0.00523369978280445
457.081,0.00504363284018618
456.025,0.00556233199134046
454.969,0.0068467555437461
453.913,0.00955519013266474
452.856,0.0119444216412594
451.799,0.0129493232946597
450.742,0.0142337534126617
449.685,0.0157944351960382
448.628,0.0156289826005868
447.57,0.0144706576300066
446.512,0.0145229729543344
445.454,0.0154419976093102
444.396,0.0165098387967759
443.338,0.0180992271720746
442.279,0.0189190504094141
441.221,0.0191161266821478
440.162,0.019846321864909
439.102,0.0203357189154585
438.043,0.0195217129649098
436.983,0.0191167566600666
435.924,0.0186911867177637
434.864,0.0180874980023932
433.804,0.0169722596530709
432.743,0.0166418242298696
431.683,0.0156095556887116
430.622,0.0155658703121203
429.561,0.0156216012506277
428.5,0.0161613603983052
427.439,0.016951890322827
426.377,0.0173135814839754
425.315,0.0169717267974045
424.253,0.0161655059390197
423.191,0.0156928032710948
422.129,0.015772996490368
421.066,0.0150824240192048
420.004,0.0153442658149359
418.941,0.0151792928486206
417.878,0.0156850958086032
416.814,0.0168956798944883
415.751,0.0180786926817011
414.687,0.0187932129167689
413.623,0.0200679709505361
412.559,0.0214018133805684
411.495,0.0233663612548815
410.43,0.0247793186328301
409.365,0.0260121377530466
408.301,0.0262356290318235
407.235,0.0267662433374696
406.17,0.0272370862471997
405.105,0.0274242911650796
404.039,0.0264367451738023
402.973,0.0258387830373025
401.907,0.0234659542089575
400.84,0.0215042736708187
399.774,0.0185812145035917
398.707,0.016055062937434
397.64,0.0136748938127366
396.573,0.01147592384313
395.506,0.0112755007867144
394.438,0.0109252434578473
393.371,0.00999599740583945
392.303,0.0108615131264599
391.235,0.00903053291664211
390.166,0.00774419154800787
389.098,0.0064925352213118
388.029,0.0059434735293395
386.96,0.00368408546383419
385.891,0.00323217207507527
384.822,0.0031429992973097
383.752,0.00152001738449284
382.682,0.00115048709773835
381.613,0.00144632046118262
380.542,0
379.472,0
378.402,0
377.331,0
376.26,0.000921297986648603
375.189,0.00120765134242875
374.117,0.00144224422619507
373.046,0
371.974,0
370.902,0.00107954341097223
369.83,0
368.758,0
367.685,0
366.613,0
365.54,0
364.466,0
363.393,0
362.32,0
361.246,0
360.172,0
359.098,0
358.023,0
356.949,0
355.874,0
354.799,0
353.724,0
352.649,0
351.573,0
350.497,0
349.421,0
348.345,0
347.269,0
346.192,0
345.115,0.00117770757893337
344.038,0.00295586250450609
342.961,0.0032940180901503
341.884,0.00490992413169606
340.806,0.00400893060241263
339.728,0.00392592356522792
338.65,0.00416813377156179
337.572,0.00432395406389315
336.494,0.00588039051407454
335.415,0.00662437897563914
334.336,0.00772098141979392
333.257,0.00778328480021538
332.178,0.00925540637417761
331.099,0.010759988496367
330.019,0.0112291865848476
328.939,0.0122005209246603
327.859,0.0144595289960744
326.779,0.0162495961654332
325.699,0.0176946431113031
324.618,0.0186834198369695
323.537,0.020147967860916
322.456,0.0208665074891813
321.375,0.0223356110781318
320.293,0.0231510017729284
319.212,0.0244424107100179
318.13,0.0252101432984542
317.048,0.0275955919809232
315.966,0.0277418872396363
314.883,0.0274373445547142
313.8,0.0277956669424622
312.718,0.0277368657770242
311.634,0.0275394040399274
310.551,0.0279638261519306
309.468,0.0262929332762921
308.384,0.0258786756072876
307.3,0.0249261451570556
306.216,0.0243808744230936
305.132,0.022954909736943
304.047,0.0214080183898813
302.962,0.0211392667809548
301.877,0.0202167497877926
300.792,0.0195254940781998
299.707,0.0196717202175923
298.621,0.01851500959932
297.536,0.0173229995978212
296.45,0.0166241443318646
295.364,0.0160119224707747
294.277,0.0162139738378945
293.191,0.0157574330229292
292.104,0.0162704402039066
291.017,0.0168840129879453
289.93,0.0167530184522878
288.842,0.0177613490302789
287.755,0.0178109430691935
286.667,0.0172816161236017
285.579,0.0181123064075124
284.491,0.0188760463381678
283.402,0.0196320722009744
282.314,0.020817458117235
281.225,0.0212505056295252
280.136,0.0217028076246885
279.047,0.0215741780738956
277.957,0.0205093579821331
276.867,0.0194079839175173
275.778,0.0189180309131084
274.688,0.0193946913811942
273.597,0.0201307758884192
272.507,0.0213353927556355
271.416,0.0227983554582215
270.325,0.023306347999904
269.234,0.0243526681493404
268.143,0.0259801018801658
267.051,0.0257613797628333
265.96,0.0255639899740847
264.868,0.0260242844898596
263.776,0.0266805214440737
262.683,0.0268858822300098
261.591,0.026653776648561
260.498,0.0260609061242566
259.405,0.0255518037445076
258.312,0.0252725085870862
257.218,0.0235248353055139
256.125,0.022722719020907
255.031,0.0219712303913687
253.937,0.0223135775040109
252.843,0.0215613084139879
251.748,0.0204413998050036
250.654,0.0195464147463602
249.559,0.0177986646258604
248.464,0.0163509352406339
247.369,0.013869643327132
246.273,0.0103040117279294
245.178,0.00816976124229287
244.082,0.00636674208042411
242.986,0.00415287021952644
241.889,0.00131988671090609
240.793,0
239.696,0
238.599,0
237.502,0
236.405,0
235.307,0
234.21,0
233.112,0
232.014,0
230.915,0
229.817,0
228.718,0
227.619,0
226.52,0
225.42,0
224.321,0
223.221,0
222.121,0
221.021,0
219.92,0
218.82,0
217.719,0
216.618,0
215.516,0
214.415,0
213.313,0
212.211,0
211.109,0
210.007,0
208.904,0
207.802,0
206.699,0.00155025061134537
205.595,0.00172534497803828
204.492,0.0030496136412823
203.389,0.00389893691118014
202.285,0.00482065045893998
201.181,0.00569891186419681
200.077,0.00567944632522313
198.972,0.0059055128557925
197.867,0.00542581056016772
196.763,0.00463279728013028
195.658,0.00594212910003394
194.552,0.00717800693998366
193.447,0.00728374112361141
192.341,0.00861849028234465
191.235,0.0107820182506184
190.129,0.0128617942457558
189.023,0.0142758127245358
187.916,0.0151907446466203
186.81,0.0161422103438215
185.703,0.0164413458857949
184.595,0.017984079068065
183.488,0.0200538197954074
182.381,0.0203853957958682
181.273,0.0222632105305713
180.165,0.0247623770154944
179.057,0.0268397044326026
177.948,0.0292162009939674
176.839,0.0325143178550693
175.731,0.0359648746701237
174.622,0.0379113206972645
173.512,0.0403545953741358
172.403,0.0437931006541356
171.293,0.0457355191166688
170.183,0.0470481714763945
169.073,0.0484595609108523
167.963,0.0482158020945607
166.852,0.0475177938765876
165.742,0.0468154559998623
164.631,0.045164401986846
163.519,0.0426538876117426
162.408,0.0405004806657569
161.296,0.0392136049358107
160.185,0.0394854051612359
159.073,0.0392272884147218
157.96,0.0398665997817647
156.848,0.0395593355038206
155.735,0.040553044898539
154.622,0.0419737139401401
153.509,0.043972039758844
152.396,0.0455502326155323
151.282,0.0475862158066692
150.169,0.051418864987396
149.055,0.0553258479543505
147.941,0.0595803705969826
146.826,0.0643813249960153
145.712,0.0684100146602597
144.597,0.0738606366686985
143.482,0.0779320361019244
142.367,0.0824563475041717
141.251,0.0855516023803753
140.136,0.088913271036022
139.02,0.0923718024472009
137.904,0.0962647923700948
136.788,0.101298387619631
135.671,0.107107503557695
134.554,0.112296638977663
133.437,0.118658547050608
132.32,0.124411516378916
131.203,0.129742394474326
130.085,0.135183128746743
128.968,0.14024229070105
127.85,0.145595392091592
126.732,0.152170630795456
125.613,0.159025659353998
124.494,0.165572141720502
123.376,0.172799035551156
122.257,0.180416787766452
121.137,0.189213545149902
120.018,0.196735664914134
118.898,0.206712317933952
117.778,0.216673578871155
116.658,0.227125900711518
115.538,0.237326190802572
114.417,0.247291364820723
113.296,0.254166510827736
112.176,0.261807177544886
111.054,0.266719300706957
109.933,0.270104962693441
108.811,0.270264608825454
107.689,0.268645113795462
106.567,0.264551652591562
105.445,0.258589470481399
104.323,0.251936698193006
103.2,0.245300590803159
102.077,0.239388403388634
100.954,0.234907391026207
